,0,1,2,3,4,5,Predict
0,35,2,0,166497,37,13,unsatisfied
1,40,2,1,175761,30,7,unsatisfied
2,38,2,1,323798,48,12,unsatisfied
3,40,5,0,145246,40,10,unsatisfied
4,30,2,1,52870,39,9,unsatisfied
5,40,2,1,120131,47,13,unsatisfied
6,20,2,2,207791,17,6,unsatisfied
7,40,2,1,240124,40,9,satisfied
8,40,5,1,123424,33,13,unsatisfied
9,63,2,1,595088,28,10,unsatisfied
10,40,2,2,72812,58,6,unsatisfied
11,40,2,2,113466,24,13,unsatisfied
12,14,2,2,162621,19,10,unsatisfied
13,25,2,1,212163,34,10,unsatisfied
14,40,2,1,22463,37,11,unsatisfied
15,40,3,1,198145,58,9,unsatisfied
16,48,2,1,168216,49,4,satisfied
17,60,2,1,270194,50,13,unsatisfied
18,40,2,2,142809,21,9,unsatisfied
19,40,2,1,171540,45,9,satisfied
20,50,0,1,171335,45,14,satisfied
21,40,2,0,31460,53,9,satisfied
22,20,2,2,485117,26,13,unsatisfied
23,40,2,2,181822,27,9,unsatisfied
24,40,0,0,169133,55,13,unsatisfied
25,40,2,1,98975,50,13,satisfied
26,50,2,1,149787,32,11,satisfied
27,42,2,1,190759,38,9,unsatisfied
28,40,0,2,255191,36,14,unsatisfied
29,38,1,1,192323,46,10,unsatisfied
30,40,2,1,182323,32,9,unsatisfied
31,40,2,1,86872,25,9,unsatisfied
32,25,1,0,236321,44,9,unsatisfied
33,40,2,1,174395,40,9,unsatisfied
34,45,2,1,82566,50,14,satisfied
35,55,2,1,94477,26,10,unsatisfied
36,40,2,2,604045,27,13,unsatisfied
37,40,0,1,102569,45,9,unsatisfied
38,40,2,1,89413,44,11,satisfied
39,50,2,2,123178,30,6,unsatisfied
40,40,1,1,274200,46,10,unsatisfied
41,40,2,1,55946,63,9,unsatisfied
42,50,2,1,108140,38,14,unsatisfied
43,48,2,1,175925,48,9,unsatisfied
44,40,2,1,114495,58,9,unsatisfied
45,40,2,2,111476,18,7,unsatisfied
46,40,0,1,104164,24,9,satisfied
47,72,2,1,45366,41,9,satisfied
48,35,2,1,126675,36,13,satisfied
49,60,5,1,31478,45,13,satisfied
50,40,2,1,350162,29,13,unsatisfied
51,40,2,2,123291,34,6,unsatisfied
52,50,4,1,77660,47,10,satisfied
53,65,2,1,152652,54,9,unsatisfied
54,20,2,1,229826,21,10,unsatisfied
55,50,2,1,216178,28,13,satisfied
56,60,2,2,60331,23,10,unsatisfied
57,45,4,1,385242,78,13,unsatisfied
58,40,2,2,110200,22,13,unsatisfied
59,50,5,1,299119,51,13,unsatisfied
60,40,2,2,44047,19,9,unsatisfied
61,40,2,2,285419,29,8,satisfied
62,35,1,1,136175,52,10,unsatisfied
63,65,2,1,214235,31,9,satisfied
64,40,2,1,383322,28,11,unsatisfied
65,50,2,0,118503,29,9,unsatisfied
66,50,2,2,246449,35,9,satisfied
67,40,2,0,37302,28,9,unsatisfied
68,50,3,1,21838,58,16,unsatisfied
69,57,2,2,236696,21,10,unsatisfied
70,50,4,1,132879,37,10,satisfied
71,41,2,2,102632,22,9,satisfied
72,50,4,1,320811,38,9,unsatisfied
73,50,5,0,235271,33,13,unsatisfied
74,50,0,2,344073,33,13,satisfied
75,42,2,2,159732,25,10,unsatisfied
76,15,1,1,104996,55,9,unsatisfied
77,60,2,1,137428,53,4,unsatisfied
78,40,4,1,189098,60,9,unsatisfied
79,40,2,1,198265,34,10,unsatisfied
80,26,2,2,421467,25,12,satisfied
81,50,5,1,341797,50,15,unsatisfied
82,40,2,1,103538,45,9,unsatisfied
83,36,2,1,192869,55,10,satisfied
84,40,3,1,191779,37,10,unsatisfied
85,40,2,1,62737,27,11,unsatisfied
86,40,2,1,183810,57,10,unsatisfied
87,65,2,2,162869,22,10,unsatisfied
88,55,2,2,198197,28,13,unsatisfied
89,40,2,1,149640,45,10,satisfied
90,40,2,2,48347,22,10,unsatisfied
91,52,2,2,102345,29,10,satisfied
92,60,4,1,110327,51,7,unsatisfied
93,50,2,1,143068,26,10,unsatisfied
94,40,3,1,142856,49,9,unsatisfied
95,50,2,1,264052,47,10,unsatisfied
96,40,2,1,56841,46,9,unsatisfied
97,40,2,1,187440,47,9,unsatisfied
98,70,5,1,37778,36,14,unsatisfied
99,35,2,2,326334,22,10,unsatisfied
100,40,2,1,106448,35,11,satisfied
101,60,5,1,33474,40,14,unsatisfied
102,40,2,0,337065,56,4,unsatisfied
103,40,2,2,56121,30,9,unsatisfied
104,45,2,2,229732,33,13,unsatisfied
105,40,1,2,172822,30,11,satisfied
106,45,2,2,124971,22,9,unsatisfied
107,48,5,1,27385,57,10,unsatisfied
108,40,4,1,116211,53,10,unsatisfied
109,50,2,1,28035,47,13,unsatisfied
110,35,2,1,182668,37,6,unsatisfied
111,40,5,1,251305,41,10,unsatisfied
112,80,2,1,29312,32,6,unsatisfied
113,35,5,1,101017,53,9,unsatisfied
114,60,5,1,194924,40,10,unsatisfied
115,50,2,1,158800,34,13,satisfied
116,50,2,1,260490,45,14,satisfied
117,42,2,1,53833,26,10,unsatisfied
118,45,2,0,332243,51,13,unsatisfied
119,50,3,1,190044,42,13,unsatisfied
120,50,5,1,98921,67,12,satisfied
121,40,2,1,177211,48,7,unsatisfied
122,48,2,1,173987,51,9,unsatisfied
123,40,2,1,212894,42,11,unsatisfied
124,40,2,2,162282,24,9,unsatisfied
125,40,2,1,97676,24,10,unsatisfied
126,39,2,1,224566,37,10,unsatisfied
127,40,2,2,305423,21,9,unsatisfied
128,35,2,2,247564,20,9,unsatisfied
129,50,2,2,334032,28,11,unsatisfied
130,60,2,1,186009,37,9,unsatisfied
131,60,2,2,207824,39,9,unsatisfied
132,60,4,1,190759,37,10,unsatisfied
133,40,2,1,53838,51,13,unsatisfied
134,40,4,2,196514,42,13,unsatisfied
135,40,2,1,56331,58,13,unsatisfied
136,65,2,1,149218,47,9,satisfied
137,40,2,2,257942,39,9,unsatisfied
138,40,5,1,165278,52,11,unsatisfied
139,40,1,1,280344,29,10,unsatisfied
140,50,4,1,45702,66,6,satisfied
141,20,2,1,588484,62,13,unsatisfied
142,40,2,1,176731,60,9,unsatisfied
143,60,2,1,47298,64,16,satisfied
144,40,2,1,176998,32,13,unsatisfied
145,40,0,1,94754,49,14,unsatisfied
146,49,2,1,203070,39,11,unsatisfied
147,25,2,2,332249,28,10,unsatisfied
148,50,5,1,362062,37,15,unsatisfied
149,40,1,1,278303,45,12,unsatisfied
150,20,5,0,240900,41,9,unsatisfied
151,40,2,1,118853,41,10,unsatisfied
152,40,2,1,234901,35,10,unsatisfied
153,58,2,2,184806,28,14,unsatisfied
154,50,2,1,166662,41,15,unsatisfied
155,40,2,1,319371,64,13,unsatisfied
156,40,1,1,327203,30,9,unsatisfied
157,48,2,2,155213,26,13,unsatisfied
158,35,2,2,232841,24,9,satisfied
159,40,2,2,83315,22,9,unsatisfied
160,40,2,1,76417,39,14,unsatisfied
161,50,5,1,147098,55,5,unsatisfied
162,58,4,1,104892,44,10,unsatisfied
163,40,2,1,110747,53,9,unsatisfied
164,50,2,1,84231,55,9,unsatisfied
165,40,2,1,169589,32,11,unsatisfied
166,40,2,2,167159,48,11,unsatisfied
167,40,2,0,209109,28,13,satisfied
168,40,2,2,198986,25,13,unsatisfied
169,50,2,1,171924,51,9,unsatisfied
170,40,3,2,192257,27,9,unsatisfied
171,40,2,1,706026,27,7,satisfied
172,50,2,1,56651,43,9,unsatisfied
173,40,2,2,127961,37,9,unsatisfied
174,45,4,1,130126,43,10,satisfied
175,40,2,2,222450,35,13,unsatisfied
176,40,2,1,131826,45,10,satisfied
177,40,5,2,240810,36,8,unsatisfied
178,40,2,0,96245,34,9,unsatisfied
179,25,2,2,319889,19,9,unsatisfied
180,40,3,2,61737,24,13,unsatisfied
181,50,2,1,170104,59,13,unsatisfied
182,40,2,2,215895,48,13,unsatisfied
183,40,2,1,164749,46,10,satisfied
184,40,2,1,150499,46,12,unsatisfied
185,40,1,1,200892,30,14,unsatisfied
186,60,5,1,175856,31,9,unsatisfied
187,60,5,1,145209,60,9,unsatisfied
188,50,2,0,290290,53,10,satisfied
189,40,2,0,159322,33,9,unsatisfied
190,50,2,2,76493,33,13,unsatisfied
191,30,2,2,217961,22,10,unsatisfied
192,70,5,1,32372,51,13,unsatisfied
193,40,2,0,261688,46,9,satisfied
194,45,2,1,123011,52,10,unsatisfied
195,40,3,1,176155,41,11,unsatisfied
196,45,2,1,594187,33,14,unsatisfied
197,40,2,2,188108,31,9,unsatisfied
198,40,2,1,135446,66,9,satisfied
199,10,2,2,317681,17,7,unsatisfied
200,40,2,1,175109,46,9,satisfied
201,55,1,2,64632,44,13,unsatisfied
202,40,2,1,33842,46,10,unsatisfied
203,40,2,1,29523,27,6,unsatisfied
204,50,2,1,154374,41,13,unsatisfied
205,60,5,0,145574,55,9,unsatisfied
206,43,2,1,180920,57,6,unsatisfied
207,50,5,1,98061,42,11,unsatisfied
208,20,2,1,133144,63,9,unsatisfied
209,50,2,1,174373,40,13,unsatisfied
210,30,2,2,285750,19,9,satisfied
211,32,2,1,506858,34,11,unsatisfied
212,45,2,1,89587,53,10,satisfied
213,40,2,1,105582,55,9,unsatisfied
214,44,2,2,202871,21,9,unsatisfied
215,60,5,1,209146,48,9,satisfied
216,50,5,1,296066,48,10,satisfied
217,20,2,2,193290,18,10,unsatisfied
218,16,2,1,181091,33,8,unsatisfied
219,65,2,1,206862,50,14,unsatisfied
220,40,2,2,180060,21,10,unsatisfied
221,50,2,1,272442,45,14,satisfied
222,44,2,0,200207,23,9,unsatisfied
223,40,2,1,331482,48,15,unsatisfied
224,45,1,2,109972,25,13,unsatisfied
225,48,2,0,543922,45,14,satisfied
226,20,5,1,187778,43,9,satisfied
227,60,5,0,175509,31,9,unsatisfied
228,40,2,1,361324,57,6,unsatisfied
229,50,2,1,184176,53,10,unsatisfied
230,50,2,2,174789,32,9,unsatisfied
231,40,2,1,207824,36,13,unsatisfied
232,3,2,2,171306,19,9,satisfied
233,50,2,1,364657,32,10,unsatisfied
234,38,2,2,104719,44,12,unsatisfied
235,40,5,2,154410,37,14,unsatisfied
236,40,5,1,57071,57,10,unsatisfied
237,60,5,1,95423,27,10,unsatisfied
238,50,5,1,348739,37,15,unsatisfied
239,7,5,1,149324,28,10,satisfied
240,50,2,1,281540,32,10,unsatisfied
241,40,2,2,217961,24,10,unsatisfied
242,40,2,1,305647,27,12,unsatisfied
243,40,2,2,260253,18,7,unsatisfied
244,40,2,2,289442,30,13,unsatisfied
245,40,2,2,126568,21,9,satisfied
246,40,2,2,673764,51,14,unsatisfied
247,40,0,2,134026,43,10,satisfied
248,40,2,0,215789,61,9,unsatisfied
249,40,1,1,298035,52,14,satisfied
250,48,1,1,245307,42,13,satisfied
251,50,2,1,247379,45,10,unsatisfied
252,40,2,1,168138,29,13,satisfied
253,40,3,0,274111,56,14,unsatisfied
254,45,2,1,34368,53,10,unsatisfied
255,50,2,1,172581,46,13,unsatisfied
256,45,2,1,108496,59,14,unsatisfied
257,40,2,1,92178,62,6,unsatisfied
258,40,2,1,101192,39,9,unsatisfied
259,40,2,1,326232,43,10,unsatisfied
260,55,2,2,222884,42,13,unsatisfied
261,40,2,1,325374,39,13,unsatisfied
262,45,2,1,110442,29,9,unsatisfied
263,40,2,1,184659,36,9,unsatisfied
264,50,4,1,39089,37,10,satisfied
265,37,3,1,193047,46,13,unsatisfied
266,40,3,1,170924,41,14,unsatisfied
267,40,2,1,193026,36,13,unsatisfied
268,35,2,1,161153,34,6,unsatisfied
269,40,2,0,159676,27,9,unsatisfied
270,45,2,1,181091,34,13,unsatisfied
271,48,2,1,191834,34,11,unsatisfied
272,44,2,2,355728,42,11,unsatisfied
273,43,2,0,192161,48,13,unsatisfied
274,60,4,1,154120,34,14,unsatisfied
275,17,2,1,174844,37,10,unsatisfied
276,32,2,2,99199,21,9,unsatisfied
277,40,1,1,180096,43,14,unsatisfied
278,20,2,2,344176,22,9,satisfied
279,30,2,2,64520,22,8,unsatisfied
280,40,2,1,115971,47,10,unsatisfied
281,44,2,2,279833,25,13,unsatisfied
282,44,2,1,94081,53,13,unsatisfied
283,40,2,2,104981,20,9,unsatisfied
284,40,2,2,182342,23,9,unsatisfied
285,40,2,0,48087,41,4,unsatisfied
286,60,2,1,145377,31,13,satisfied
287,50,2,1,248249,44,4,unsatisfied
288,40,2,2,143526,30,13,unsatisfied
289,45,2,1,172571,36,9,unsatisfied
290,40,0,1,184007,50,10,unsatisfied
291,45,5,1,282066,60,13,unsatisfied
292,40,2,2,214542,22,10,satisfied
293,50,5,1,184553,57,9,unsatisfied
294,60,5,1,283122,36,9,satisfied
295,50,2,1,158438,33,10,satisfied
296,40,1,2,137510,22,9,unsatisfied
297,35,4,1,241431,29,16,unsatisfied
298,41,2,2,339667,54,9,unsatisfied
299,40,2,1,175029,50,11,satisfied
300,40,2,2,258102,36,9,satisfied
301,30,2,2,315476,23,9,unsatisfied
302,45,2,2,163595,21,10,satisfied
303,50,2,2,31350,26,7,unsatisfied
304,15,2,2,721712,17,6,satisfied
305,60,2,1,180599,43,15,unsatisfied
306,40,2,2,375482,28,13,satisfied
307,44,2,1,114079,38,9,unsatisfied
308,40,2,2,192652,26,13,unsatisfied
309,40,2,0,365739,39,10,unsatisfied
310,17,2,2,77253,71,9,satisfied
311,50,2,1,149531,30,9,satisfied
312,60,2,1,127677,55,10,satisfied
313,40,2,1,45156,42,10,satisfied
314,30,2,2,168601,19,7,satisfied
315,40,5,1,202729,33,13,unsatisfied
316,45,2,2,200121,24,9,unsatisfied
317,40,2,2,211424,25,13,unsatisfied
318,15,5,0,242108,75,9,unsatisfied
319,40,2,1,156728,35,9,unsatisfied
320,45,2,2,168138,27,9,satisfied
321,35,1,2,205704,34,14,unsatisfied
322,45,2,1,74024,52,14,unsatisfied
323,50,2,1,344624,41,13,satisfied
324,50,2,2,212793,25,12,unsatisfied
325,40,2,2,283757,21,10,unsatisfied
326,50,2,1,193215,31,10,unsatisfied
327,50,2,1,197399,55,9,unsatisfied
328,30,2,2,153082,24,9,unsatisfied
329,40,1,1,216414,46,10,satisfied
330,50,5,0,51916,56,9,satisfied
331,50,5,1,392286,54,12,satisfied
332,20,2,2,164190,33,14,unsatisfied
333,45,2,2,156464,30,14,unsatisfied
334,38,2,1,192386,54,10,unsatisfied
335,40,2,1,193882,44,13,satisfied
336,30,2,2,347867,23,13,unsatisfied
337,40,2,1,202812,45,13,unsatisfied
338,50,1,1,52532,36,16,unsatisfied
339,40,2,1,33331,41,14,unsatisfied
340,30,2,2,281432,22,10,satisfied
341,3,2,1,92691,61,9,unsatisfied
342,70,4,1,134737,33,9,unsatisfied
343,40,2,1,49325,34,14,unsatisfied
344,40,2,1,126141,45,13,satisfied
345,98,5,1,26904,63,9,unsatisfied
346,60,5,1,25932,51,9,unsatisfied
347,35,2,1,66309,34,9,unsatisfied
348,40,2,1,180342,38,13,unsatisfied
349,99,5,1,162576,53,4,unsatisfied
350,40,2,1,364782,38,9,unsatisfied
351,20,2,2,338836,18,9,unsatisfied
352,10,4,1,181408,64,11,unsatisfied
353,60,2,1,278576,37,9,unsatisfied
354,27,5,2,197193,31,9,unsatisfied
355,40,2,1,215323,35,13,unsatisfied
356,60,2,1,141511,47,16,unsatisfied
357,40,2,0,59159,48,9,unsatisfied
358,50,5,0,377622,49,12,satisfied
359,40,2,1,215990,50,9,unsatisfied
360,40,2,0,79036,42,9,satisfied
361,45,4,1,138594,55,9,unsatisfied
362,40,2,1,195721,29,6,satisfied
363,40,2,1,359972,55,13,unsatisfied
364,40,2,2,346693,21,4,satisfied
365,40,5,1,140141,61,10,unsatisfied
366,40,2,1,263561,31,13,unsatisfied
367,40,2,1,167482,36,13,unsatisfied
368,20,4,1,101338,57,13,unsatisfied
369,48,2,1,150057,35,9,unsatisfied
370,35,2,0,144949,34,9,satisfied
371,50,2,1,124973,47,11,unsatisfied
372,40,5,1,34161,42,15,unsatisfied
373,60,2,2,245880,26,9,unsatisfied
374,52,4,1,190044,42,11,unsatisfied
375,40,1,1,344624,41,10,satisfied
376,50,2,1,164693,43,11,satisfied
377,40,5,1,45814,67,4,satisfied
378,60,2,1,112754,27,13,unsatisfied
379,60,2,1,177437,34,6,satisfied
380,40,2,1,112115,31,9,satisfied
381,50,2,1,107302,37,10,satisfied
382,50,2,0,145333,50,16,satisfied
383,15,2,1,469602,65,13,unsatisfied
384,50,2,1,309513,32,9,unsatisfied
385,40,2,1,176689,61,9,unsatisfied
386,41,1,1,238582,56,10,unsatisfied
387,45,2,0,202565,44,9,unsatisfied
388,40,2,0,194290,55,9,unsatisfied
389,40,4,2,134815,20,5,unsatisfied
390,56,2,0,53956,41,13,unsatisfied
391,45,2,1,203776,27,10,satisfied
392,50,4,1,95150,44,10,unsatisfied
393,15,2,2,341353,26,13,unsatisfied
394,40,2,1,126675,37,9,satisfied
395,26,2,1,159662,25,9,unsatisfied
396,52,2,1,150057,37,9,unsatisfied
397,49,2,0,205339,37,9,unsatisfied
398,40,2,1,180284,34,10,unsatisfied
399,50,2,1,212512,35,9,unsatisfied
400,60,5,1,199753,35,10,unsatisfied
401,40,0,1,40641,53,13,satisfied
402,40,2,1,168723,53,12,unsatisfied
403,40,2,1,82049,41,9,unsatisfied
404,75,4,1,170214,43,10,unsatisfied
405,40,2,1,181659,27,9,unsatisfied
406,40,2,2,410446,23,9,unsatisfied
407,40,2,0,102258,22,10,unsatisfied
408,50,3,1,159247,32,14,satisfied
409,50,2,1,188950,46,13,unsatisfied
410,45,2,1,138069,48,9,unsatisfied
411,40,2,1,160625,60,9,unsatisfied
412,55,2,1,185084,39,10,satisfied
413,40,2,1,189843,33,4,unsatisfied
414,40,2,1,213149,65,9,unsatisfied
415,45,2,2,326352,36,14,unsatisfied
416,40,2,1,69884,57,9,unsatisfied
417,40,2,0,316849,58,10,unsatisfied
418,60,2,2,185647,29,10,unsatisfied
419,40,2,1,37345,58,9,unsatisfied
420,50,2,1,95336,38,13,unsatisfied
421,50,2,2,193868,28,13,satisfied
422,50,2,1,310774,51,15,unsatisfied
423,40,2,1,201874,34,9,unsatisfied
424,40,5,1,182142,59,16,unsatisfied
425,60,4,1,230919,52,13,unsatisfied
426,40,2,2,133937,29,16,satisfied
427,50,2,0,129764,38,10,unsatisfied
428,43,2,1,348430,59,13,unsatisfied
429,40,2,1,144594,42,9,unsatisfied
430,45,5,2,319122,45,13,unsatisfied
431,60,4,1,179579,38,16,unsatisfied
432,60,2,1,129513,47,13,unsatisfied
433,45,2,1,166662,40,15,unsatisfied
434,50,4,1,187720,44,10,satisfied
435,40,2,2,229393,24,7,unsatisfied
436,60,5,2,131584,30,11,satisfied
437,45,3,1,289207,50,16,unsatisfied
438,60,2,1,170850,47,9,unsatisfied
439,40,2,2,221680,32,13,satisfied
440,40,2,0,306790,51,9,unsatisfied
441,45,1,2,237498,23,9,unsatisfied
442,40,2,1,213668,49,14,unsatisfied
443,40,5,1,108947,38,10,unsatisfied
444,73,2,1,164461,31,9,unsatisfied
445,55,2,1,210736,52,10,unsatisfied
446,98,4,1,162439,54,9,unsatisfied
447,13,2,2,577521,18,7,unsatisfied
448,60,2,1,234213,55,9,satisfied
449,50,2,2,80058,34,15,unsatisfied
450,40,2,0,170099,45,10,unsatisfied
451,40,1,2,236687,38,10,unsatisfied
452,24,2,2,149809,21,9,satisfied
453,50,2,1,172927,38,9,satisfied
454,20,2,2,122041,17,7,satisfied
455,50,5,1,49275,48,10,unsatisfied
456,80,5,1,24961,34,9,unsatisfied
457,50,2,2,107236,27,14,satisfied
458,40,2,2,361487,22,9,unsatisfied
459,50,2,2,138975,44,9,unsatisfied
460,40,2,1,223881,43,13,unsatisfied
461,60,2,1,54317,38,10,unsatisfied
462,40,2,0,111994,45,10,satisfied
463,40,2,2,306108,51,16,unsatisfied
464,30,5,2,107846,27,9,unsatisfied
465,60,2,2,115549,28,10,unsatisfied
466,40,2,2,212522,25,9,unsatisfied
467,50,2,2,160594,32,13,unsatisfied
468,50,5,1,242519,47,9,unsatisfied
469,40,2,1,293176,43,13,unsatisfied
470,40,2,1,250832,90,6,unsatisfied
471,50,2,1,227236,40,9,unsatisfied
472,47,1,0,189843,31,9,unsatisfied
473,40,2,2,260254,23,9,unsatisfied
474,40,2,1,211424,26,10,unsatisfied
475,60,5,1,226624,31,5,satisfied
476,60,2,1,266860,46,12,satisfied
477,40,0,1,564135,41,14,unsatisfied
478,60,2,1,82050,58,10,unsatisfied
479,40,2,1,391937,35,10,satisfied
480,40,2,2,87469,30,9,unsatisfied
481,65,2,1,212838,64,9,unsatisfied
482,60,2,1,334365,36,7,unsatisfied
483,55,2,1,375833,31,13,satisfied
484,40,2,1,437727,56,5,unsatisfied
485,25,2,1,325007,55,12,unsatisfied
486,40,5,1,172618,56,13,unsatisfied
487,47,2,1,234633,42,7,unsatisfied
488,40,1,1,294623,56,3,unsatisfied
489,40,2,1,224059,24,9,unsatisfied
490,40,2,1,184901,33,9,unsatisfied
491,40,2,1,212091,28,9,unsatisfied
492,30,2,1,118779,65,9,unsatisfied
493,50,2,2,139190,22,9,unsatisfied
494,75,2,1,203697,29,13,satisfied
495,40,2,1,59083,31,9,unsatisfied
496,39,2,2,151801,19,6,unsatisfied
497,36,2,0,140363,58,9,satisfied
498,40,5,1,176240,51,12,unsatisfied
499,40,2,1,663291,22,10,unsatisfied
500,25,2,2,49683,23,10,unsatisfied
501,40,2,1,58582,33,9,satisfied
502,40,4,1,377836,32,11,satisfied
503,15,2,2,86860,19,10,unsatisfied
504,20,2,2,352207,23,11,unsatisfied
505,48,2,1,354148,47,15,unsatisfied
506,55,4,1,328610,45,10,unsatisfied
507,50,1,1,158688,41,13,satisfied
508,40,1,0,195635,52,9,unsatisfied
509,47,2,1,111979,46,4,satisfied
510,40,2,1,115488,31,9,unsatisfied
511,45,2,1,248059,48,13,unsatisfied
512,20,5,2,243567,83,7,unsatisfied
513,40,2,2,239130,27,15,unsatisfied
514,40,2,2,246974,29,11,unsatisfied
515,40,2,1,188903,67,13,unsatisfied
516,40,2,1,292185,35,13,unsatisfied
517,55,5,1,343190,44,10,satisfied
518,35,2,2,206051,32,10,unsatisfied
519,45,2,1,246519,51,6,satisfied
520,37,0,1,32950,22,10,unsatisfied
521,48,2,1,360689,34,10,unsatisfied
522,40,2,1,192002,30,10,unsatisfied
523,48,0,2,214858,28,9,satisfied
524,40,3,2,209954,31,10,unsatisfied
525,50,5,1,118793,53,6,unsatisfied
526,55,5,2,188774,37,13,unsatisfied
527,40,2,2,255252,22,9,unsatisfied
528,60,2,1,148884,47,9,unsatisfied
529,55,2,1,379522,37,13,satisfied
530,40,2,1,87643,32,13,unsatisfied
531,40,2,2,313038,30,9,unsatisfied
532,51,2,1,208330,41,10,unsatisfied
533,40,4,1,40666,46,9,satisfied
534,50,2,1,228320,42,10,satisfied
535,20,2,0,205504,46,9,unsatisfied
536,40,4,1,216636,56,8,unsatisfied
537,55,2,1,152810,53,14,unsatisfied
538,40,2,1,257200,57,5,unsatisfied
539,39,2,2,152176,24,10,unsatisfied
540,40,2,1,270889,30,10,unsatisfied
541,25,2,2,365881,23,13,unsatisfied
542,40,2,0,205424,48,13,unsatisfied
543,40,0,1,54566,55,9,unsatisfied
544,40,2,1,206125,28,10,unsatisfied
545,50,5,1,360814,39,8,unsatisfied
546,60,2,0,54243,28,9,unsatisfied
547,40,2,1,182460,56,9,unsatisfied
548,45,5,1,31826,64,9,satisfied
549,40,2,1,34104,32,10,unsatisfied
550,20,5,1,183249,66,13,unsatisfied
551,40,0,2,360186,29,9,unsatisfied
552,40,2,1,273575,46,13,satisfied
553,40,2,2,175185,37,7,satisfied
554,40,2,0,130007,39,10,satisfied
555,45,5,1,193451,45,10,satisfied
556,50,2,1,252646,34,10,unsatisfied
557,40,2,1,174426,46,10,unsatisfied
558,40,3,2,382272,29,13,satisfied
559,60,5,1,256014,46,11,unsatisfied
560,40,2,1,255364,55,10,unsatisfied
561,50,5,1,45093,40,14,satisfied
562,70,0,1,319733,58,9,unsatisfied
563,40,2,1,154374,40,9,unsatisfied
564,65,4,1,127651,30,13,satisfied
565,40,5,1,218164,33,9,unsatisfied
566,40,2,0,113080,62,4,unsatisfied
567,50,2,1,186666,24,10,satisfied
568,40,3,2,129345,21,10,unsatisfied
569,29,2,1,271075,63,9,unsatisfied
570,45,2,1,190910,42,9,unsatisfied
571,35,2,1,152683,27,9,unsatisfied
572,40,2,1,188834,36,9,satisfied
573,18,2,2,117767,22,10,unsatisfied
574,10,2,0,44489,45,11,unsatisfied
575,45,2,1,327518,24,11,unsatisfied
576,70,2,2,39478,20,10,unsatisfied
577,45,2,1,304605,41,11,unsatisfied
578,60,5,1,207202,36,6,unsatisfied
579,45,2,1,120939,47,10,unsatisfied
580,45,2,1,181705,39,9,unsatisfied
581,40,2,1,111895,42,10,satisfied
582,40,2,1,334787,49,9,unsatisfied
583,60,2,1,162572,31,13,unsatisfied
584,40,2,1,176992,34,10,unsatisfied
585,40,5,1,176862,31,10,unsatisfied
586,45,4,0,26502,49,13,unsatisfied
587,45,2,1,182211,49,5,unsatisfied
588,40,3,2,172022,51,14,unsatisfied
589,50,1,1,23157,43,14,unsatisfied
590,50,5,1,195066,67,9,unsatisfied
591,40,2,1,150154,33,9,unsatisfied
592,40,2,1,38948,35,10,unsatisfied
593,40,5,1,176814,45,11,unsatisfied
594,40,2,1,107236,27,9,satisfied
595,40,2,1,137722,43,9,unsatisfied
596,40,2,1,105803,39,10,unsatisfied
597,40,3,1,70884,41,9,unsatisfied
598,40,1,1,172664,34,9,unsatisfied
599,40,2,2,184839,24,10,unsatisfied
600,40,2,2,187540,25,10,unsatisfied
601,40,5,1,166083,68,9,unsatisfied
602,60,4,1,181307,48,9,unsatisfied
603,45,2,1,132996,31,9,unsatisfied
604,54,2,1,195661,41,10,unsatisfied
605,40,2,2,257509,20,9,unsatisfied
606,40,2,1,176965,62,4,satisfied
607,40,3,1,155594,51,10,unsatisfied
608,50,2,1,120121,45,13,unsatisfied
609,55,2,1,207449,51,13,unsatisfied
610,25,2,2,131404,21,9,satisfied
611,40,2,2,253190,21,9,unsatisfied
612,35,2,1,136986,42,9,unsatisfied
613,55,2,0,682947,38,13,satisfied
614,55,2,1,236861,31,10,unsatisfied
615,40,2,1,112131,43,10,satisfied
616,8,2,1,186943,68,9,unsatisfied
617,30,2,2,195767,22,13,satisfied
618,60,1,1,136331,34,13,unsatisfied
619,35,2,1,126822,29,9,unsatisfied
620,40,5,1,177387,73,9,unsatisfied
621,25,5,1,298130,45,9,satisfied
622,40,2,1,91608,49,10,unsatisfied
623,60,2,0,191535,29,9,unsatisfied
624,80,2,2,282698,19,4,unsatisfied
625,25,2,2,199005,24,9,unsatisfied
626,45,2,1,121012,44,13,unsatisfied
627,40,4,1,142494,60,6,unsatisfied
628,40,2,1,203635,52,9,satisfied
629,40,5,1,190023,38,9,unsatisfied
630,84,2,1,300104,57,9,unsatisfied
631,48,1,1,127678,47,10,satisfied
632,40,0,0,199925,46,13,unsatisfied
633,50,2,1,119558,58,9,unsatisfied
634,20,2,2,144911,19,10,satisfied
635,25,5,0,237670,43,11,unsatisfied
636,40,2,1,499197,29,10,unsatisfied
637,20,2,1,321824,44,16,satisfied
638,70,2,2,72310,22,9,unsatisfied
639,38,3,1,205712,47,10,unsatisfied
640,30,5,1,102359,47,13,satisfied
641,40,2,2,54825,22,9,unsatisfied
642,50,2,1,180195,50,16,unsatisfied
643,55,2,1,83444,48,14,unsatisfied
644,40,2,2,141698,22,6,unsatisfied
645,40,2,2,154236,28,9,unsatisfied
646,45,5,1,216889,24,5,unsatisfied
647,40,2,1,268571,33,10,unsatisfied
648,70,5,1,100800,41,14,unsatisfied
649,32,5,1,48859,40,9,unsatisfied
650,40,2,1,179869,46,9,unsatisfied
651,60,2,1,115806,37,9,unsatisfied
652,50,2,1,252419,58,7,unsatisfied
653,45,2,1,280570,39,13,unsatisfied
654,40,1,1,268234,49,9,unsatisfied
655,40,2,0,95929,61,5,unsatisfied
656,50,2,1,265038,37,10,unsatisfied
657,40,1,1,170579,51,9,unsatisfied
658,40,5,0,174752,52,9,unsatisfied
659,48,4,1,325373,67,4,unsatisfied
660,40,2,1,133169,46,11,unsatisfied
661,40,2,2,140001,20,10,unsatisfied
662,40,2,2,227943,22,10,unsatisfied
663,40,2,2,232591,21,9,unsatisfied
664,40,2,1,189664,55,9,satisfied
665,64,2,0,211678,57,6,unsatisfied
666,50,2,1,117963,34,15,unsatisfied
667,50,3,1,291494,33,16,unsatisfied
668,32,2,1,236318,32,10,unsatisfied
669,60,5,1,115439,56,10,unsatisfied
670,60,2,1,160362,59,9,unsatisfied
671,60,2,1,198759,49,12,unsatisfied
672,50,2,2,216129,24,13,satisfied
673,40,2,2,234641,22,9,unsatisfied
674,40,3,0,150570,33,9,unsatisfied
675,45,2,1,303090,55,9,unsatisfied
676,40,2,2,310152,22,10,unsatisfied
677,50,2,1,194580,54,11,unsatisfied
678,50,2,0,229967,45,9,unsatisfied
679,40,2,1,111483,43,10,unsatisfied
680,50,2,2,78261,29,15,unsatisfied
681,40,2,2,151747,18,7,satisfied
682,26,2,1,268090,49,13,unsatisfied
683,40,2,1,816750,54,9,satisfied
684,36,2,0,82576,37,15,satisfied
685,38,2,1,48855,36,14,unsatisfied
686,45,1,1,203924,24,13,satisfied
687,50,2,2,203263,22,9,unsatisfied
688,66,2,1,222162,30,9,unsatisfied
689,50,2,1,220531,41,16,satisfied
690,40,5,1,113749,39,5,unsatisfied
691,45,1,1,142573,36,9,unsatisfied
692,40,2,2,198663,19,9,unsatisfied
693,18,2,2,156667,39,9,unsatisfied
694,40,2,0,178686,48,9,unsatisfied
695,40,2,2,194861,21,9,unsatisfied
696,45,2,0,301070,37,9,unsatisfied
697,60,5,1,326292,47,13,unsatisfied
698,60,2,1,22211,51,14,unsatisfied
699,30,2,2,283499,20,10,unsatisfied
700,50,2,1,155983,51,9,unsatisfied
701,60,5,1,27242,42,7,unsatisfied
702,35,5,1,75993,43,9,unsatisfied
703,40,2,2,136873,22,10,unsatisfied
704,44,2,1,118158,48,12,unsatisfied
705,50,2,1,82008,48,9,unsatisfied
706,25,2,2,194247,20,9,satisfied
707,55,2,1,260560,34,9,satisfied
708,40,2,1,244910,42,13,satisfied
709,70,2,1,131827,38,13,satisfied
710,40,2,2,189123,48,14,unsatisfied
711,40,5,1,289731,34,7,satisfied
712,45,2,1,33087,22,9,unsatisfied
713,50,2,1,154950,33,13,unsatisfied
714,40,2,2,339196,32,9,unsatisfied
715,40,5,1,26145,47,11,unsatisfied
716,12,2,2,266134,17,6,unsatisfied
717,50,5,1,289741,63,14,satisfied
718,50,2,1,176967,37,10,satisfied
719,40,4,1,326048,46,10,satisfied
720,40,2,1,363707,25,9,unsatisfied
721,45,1,2,277323,29,9,unsatisfied
722,50,1,1,382078,34,13,satisfied
723,40,2,1,342865,42,9,satisfied
724,40,2,1,297154,25,9,satisfied
725,50,4,1,182437,40,12,unsatisfied
726,50,2,1,322691,59,14,satisfied
727,50,5,1,166258,58,10,unsatisfied
728,40,2,2,115677,29,13,unsatisfied
729,40,5,1,124692,44,9,unsatisfied
730,40,2,1,144064,31,10,unsatisfied
731,30,5,1,208407,47,13,unsatisfied
732,50,2,1,134378,64,14,unsatisfied
733,40,5,1,37869,43,13,unsatisfied
734,50,2,1,231043,33,9,unsatisfied
735,40,2,1,24185,51,13,unsatisfied
736,55,2,1,208043,30,13,unsatisfied
737,40,2,1,290321,39,6,satisfied
738,50,2,1,151504,40,9,satisfied
739,25,2,1,70439,55,14,unsatisfied
740,15,2,0,209900,34,10,unsatisfied
741,38,3,1,173422,59,4,unsatisfied
742,45,2,2,175382,25,9,unsatisfied
743,40,2,0,309466,53,9,unsatisfied
744,40,2,1,145290,46,11,unsatisfied
745,50,2,1,183672,64,11,unsatisfied
746,65,2,1,210562,31,9,unsatisfied
747,40,4,1,115880,66,10,unsatisfied
748,48,2,1,157473,38,11,unsatisfied
749,55,2,1,330087,46,13,unsatisfied
750,24,2,1,121912,55,10,unsatisfied
751,40,2,2,224954,24,10,satisfied
752,40,2,2,196342,32,16,unsatisfied
753,40,2,1,172421,26,10,unsatisfied
754,48,2,1,105813,35,13,unsatisfied
755,72,5,1,220821,40,4,satisfied
756,50,2,1,153066,36,10,unsatisfied
757,50,2,1,43269,54,9,satisfied
758,50,2,1,138667,33,9,unsatisfied
759,48,2,1,109457,26,6,satisfied
760,40,2,1,236157,54,9,unsatisfied
761,40,2,1,207064,29,9,unsatisfied
762,40,2,1,177989,42,9,unsatisfied
763,60,5,2,270889,33,9,unsatisfied
764,40,2,1,162687,25,8,unsatisfied
765,45,1,1,226443,30,14,satisfied
766,48,2,1,165001,54,9,unsatisfied
767,45,2,1,188386,45,9,unsatisfied
768,40,2,1,236427,24,10,unsatisfied
769,60,5,1,95763,58,10,unsatisfied
770,20,2,1,225272,22,10,satisfied
771,74,5,1,139889,72,10,unsatisfied
772,40,0,1,140711,57,13,satisfied
773,20,2,2,282604,20,10,unsatisfied
774,60,5,1,170649,42,10,unsatisfied
775,40,5,1,157686,41,10,unsatisfied
776,40,2,1,87928,49,9,unsatisfied
777,15,2,2,446647,24,13,unsatisfied
778,40,3,1,89451,63,15,satisfied
779,55,2,1,252646,33,14,unsatisfied
780,45,2,1,105150,38,13,unsatisfied
781,40,2,2,100345,21,9,unsatisfied
782,65,2,1,169672,35,7,unsatisfied
783,25,2,2,315877,24,10,unsatisfied
784,40,2,2,409230,22,8,unsatisfied
785,20,2,2,151463,18,7,satisfied
786,40,2,1,190143,24,13,unsatisfied
787,72,2,1,193494,44,10,satisfied
788,60,2,2,208761,32,9,satisfied
789,45,5,1,218676,47,14,unsatisfied
790,45,2,1,31909,53,11,unsatisfied
791,40,2,1,342494,64,9,satisfied
792,40,2,1,187046,36,9,unsatisfied
793,40,2,0,133584,43,9,satisfied
794,45,2,1,89226,42,11,satisfied
795,40,2,2,233198,20,9,satisfied
796,45,2,1,247695,42,9,unsatisfied
797,40,2,2,214288,34,9,satisfied
798,40,2,1,367533,40,10,unsatisfied
799,40,2,0,169995,40,9,unsatisfied
800,40,1,1,383745,29,10,satisfied
801,30,2,1,175643,37,9,unsatisfied
802,50,3,1,229465,53,16,unsatisfied
803,50,2,1,188069,39,14,unsatisfied
804,60,5,1,31095,37,11,unsatisfied
805,15,3,2,99199,21,14,unsatisfied
806,40,2,1,122385,49,14,unsatisfied
807,35,2,2,194630,24,13,unsatisfied
808,24,2,0,255364,29,10,unsatisfied
809,20,1,2,401886,28,9,unsatisfied
810,40,2,1,166248,31,9,unsatisfied
811,8,1,2,163867,33,9,satisfied
812,40,4,1,212120,47,9,unsatisfied
813,40,2,2,225775,19,10,satisfied
814,35,2,1,155664,48,13,unsatisfied
815,55,2,1,381789,27,8,satisfied
816,34,2,1,183668,53,9,unsatisfied
817,40,4,1,179951,52,15,unsatisfied
818,25,3,1,48121,22,10,unsatisfied
819,40,2,2,164712,39,10,unsatisfied
820,40,2,1,104521,45,10,unsatisfied
821,42,1,1,101593,42,13,unsatisfied
822,45,2,1,326104,31,13,satisfied
823,50,2,2,48779,37,9,unsatisfied
824,50,5,1,200352,37,13,unsatisfied
825,40,2,2,59306,26,13,unsatisfied
826,50,2,1,180985,40,14,unsatisfied
827,40,2,1,83893,36,10,unsatisfied
828,45,2,1,53063,28,13,unsatisfied
829,5,2,2,277541,17,7,unsatisfied
830,40,1,1,159028,55,9,satisfied
831,40,2,1,127738,45,10,satisfied
832,45,2,0,94113,43,10,unsatisfied
833,40,1,1,105540,34,13,unsatisfied
834,40,2,2,347292,23,9,unsatisfied
835,44,2,1,370509,28,9,unsatisfied
836,60,5,1,281792,58,10,unsatisfied
837,40,2,1,218490,39,13,unsatisfied
838,48,2,2,190539,29,13,unsatisfied
839,40,5,1,122584,49,4,unsatisfied
840,24,2,1,205309,65,9,unsatisfied
841,40,4,1,106395,69,9,satisfied
842,40,2,1,185041,47,10,satisfied
843,45,2,2,285580,22,13,satisfied
844,45,2,1,187322,42,6,unsatisfied
845,40,2,1,137184,32,10,satisfied
846,45,2,1,381618,26,5,satisfied
847,50,2,0,286675,31,9,unsatisfied
848,40,2,2,221912,27,9,unsatisfied
849,45,2,2,284061,25,10,unsatisfied
850,40,2,1,149756,63,6,satisfied
851,40,0,0,325089,65,6,unsatisfied
852,40,2,1,152731,59,6,unsatisfied
853,40,2,2,144949,30,13,satisfied
854,40,4,1,38822,71,14,unsatisfied
855,40,2,2,241350,45,9,unsatisfied
856,25,2,2,265657,17,7,unsatisfied
857,15,3,2,191165,23,10,unsatisfied
858,40,2,1,81648,27,13,unsatisfied
859,50,2,2,205759,59,16,unsatisfied
860,40,2,2,168997,22,11,unsatisfied
861,40,2,1,224059,23,9,unsatisfied
862,40,2,2,239057,19,9,unsatisfied
863,35,1,1,121124,47,14,satisfied
864,60,5,1,208406,27,13,unsatisfied
865,40,2,1,210825,66,10,unsatisfied
866,45,2,2,299197,44,10,unsatisfied
867,40,2,0,228372,46,13,satisfied
868,30,2,2,284898,23,10,unsatisfied
869,40,2,1,320277,43,13,unsatisfied
870,20,5,2,243769,72,15,unsatisfied
871,35,2,2,63925,33,3,unsatisfied
872,40,2,1,194940,28,9,unsatisfied
873,50,2,1,29431,66,9,unsatisfied
874,40,1,1,233327,35,10,satisfied
875,40,1,2,36489,50,6,unsatisfied
876,48,2,1,74056,27,11,unsatisfied
877,50,3,2,346406,27,13,satisfied
878,50,4,1,76482,48,10,unsatisfied
879,40,2,1,192565,32,9,unsatisfied
880,40,2,2,178686,47,11,unsatisfied
881,42,1,2,288781,26,13,unsatisfied
882,60,5,1,371305,50,9,unsatisfied
883,40,2,1,289551,41,9,satisfied
884,40,2,1,164243,31,10,unsatisfied
885,50,2,1,35890,39,13,satisfied
886,40,2,2,83492,18,4,unsatisfied
887,50,2,2,361138,22,9,unsatisfied
888,60,1,2,277144,44,13,unsatisfied
889,45,2,0,115284,54,13,unsatisfied
890,80,5,1,70100,29,9,unsatisfied
891,45,4,1,111319,35,12,unsatisfied
892,40,3,1,328228,57,9,unsatisfied
893,40,2,1,218649,57,9,unsatisfied
894,52,2,1,247006,26,9,unsatisfied
895,65,2,1,189498,47,9,unsatisfied
896,70,2,1,96226,27,9,unsatisfied
897,45,2,1,126675,36,13,satisfied
898,40,5,1,174295,43,7,unsatisfied
899,40,2,2,306593,22,9,unsatisfied
900,40,2,2,210526,23,9,unsatisfied
901,40,5,1,156890,31,4,unsatisfied
902,60,2,1,329144,48,13,unsatisfied
903,45,2,1,33331,41,9,unsatisfied
904,60,2,1,88055,62,10,unsatisfied
905,50,2,1,75012,41,9,unsatisfied
906,40,2,1,104719,40,10,unsatisfied
907,50,2,1,154368,57,13,unsatisfied
908,30,5,1,234767,44,14,unsatisfied
909,40,2,1,131608,56,10,satisfied
910,40,1,1,209535,55,14,unsatisfied
911,50,4,1,198841,37,13,unsatisfied
912,60,2,2,170800,19,9,unsatisfied
913,60,2,1,218490,36,11,unsatisfied
914,40,2,1,188246,33,13,unsatisfied
915,42,2,1,130684,61,10,satisfied
916,40,2,1,132130,43,11,unsatisfied
917,40,2,1,342709,34,14,satisfied
918,40,2,1,105803,37,9,unsatisfied
919,40,2,0,152951,28,9,unsatisfied
920,40,0,1,197515,52,9,unsatisfied
921,48,2,2,236601,23,10,unsatisfied
922,40,2,2,154950,32,15,unsatisfied
923,55,2,1,167005,44,10,unsatisfied
924,40,2,1,183612,33,9,unsatisfied
925,84,5,1,168539,51,9,satisfied
926,60,0,0,307555,50,13,unsatisfied
927,50,1,1,139671,53,10,unsatisfied
928,40,2,2,51854,34,9,satisfied
929,40,2,1,325179,23,9,unsatisfied
930,40,2,0,190292,40,9,unsatisfied
931,40,5,1,201908,41,10,unsatisfied
932,25,0,1,216853,23,11,unsatisfied
933,55,2,1,179508,40,9,unsatisfied
934,70,2,2,361497,33,9,unsatisfied
935,40,2,0,29515,26,9,unsatisfied
936,40,2,2,121287,17,5,unsatisfied
937,60,2,2,181659,23,7,unsatisfied
938,40,2,1,181091,34,9,unsatisfied
939,44,2,1,220109,43,10,satisfied
940,40,2,1,97842,47,10,unsatisfied
941,60,2,1,338320,39,6,unsatisfied
942,20,2,1,184813,23,10,unsatisfied
943,43,2,1,233624,22,9,unsatisfied
944,41,1,1,207668,34,14,unsatisfied
945,40,2,1,173938,47,13,unsatisfied
946,40,2,1,121264,42,11,unsatisfied
947,70,5,0,32825,49,9,unsatisfied
948,10,2,0,146660,56,9,satisfied
949,37,2,2,79874,28,10,unsatisfied
950,40,2,1,193565,34,7,satisfied
951,72,3,1,141858,40,15,unsatisfied
952,40,1,1,114060,62,9,unsatisfied
953,40,2,1,196266,33,9,unsatisfied
954,18,2,2,25265,21,10,unsatisfied
955,40,0,1,60267,45,9,unsatisfied
956,40,2,1,196178,35,9,unsatisfied
957,40,1,1,163725,40,13,satisfied
958,50,2,1,256864,38,9,unsatisfied
959,40,2,1,200427,61,16,satisfied
960,45,2,0,221757,25,9,satisfied
961,50,5,1,148492,60,9,unsatisfied
962,50,2,1,105021,37,13,unsatisfied
963,40,2,1,176101,36,10,unsatisfied
964,40,2,1,127772,39,9,satisfied
965,45,2,1,195904,53,9,satisfied
966,40,2,1,179533,42,9,unsatisfied
967,40,5,1,109621,29,9,satisfied
968,40,2,1,224541,39,12,unsatisfied
969,15,2,2,133355,23,10,unsatisfied
970,25,2,2,182907,50,9,unsatisfied
971,80,1,1,137629,27,9,unsatisfied
972,25,2,2,168807,17,6,unsatisfied
973,45,2,2,213750,32,11,unsatisfied
974,50,2,1,176814,46,15,unsatisfied
975,50,2,1,112607,42,9,unsatisfied
976,40,2,1,98941,39,9,satisfied
977,45,5,1,27661,42,13,unsatisfied
978,40,2,1,24515,62,5,unsatisfied
979,48,2,1,39590,50,9,unsatisfied
980,40,2,1,348960,39,9,unsatisfied
981,40,5,1,350624,32,8,unsatisfied
982,50,2,1,259412,45,15,unsatisfied
983,40,2,2,236543,34,9,unsatisfied
984,55,2,1,272618,26,13,satisfied
985,84,4,1,83922,56,9,unsatisfied
986,40,4,1,317580,37,9,unsatisfied
987,40,2,1,149368,32,13,satisfied
988,48,2,1,203039,46,13,unsatisfied
989,40,2,2,398988,32,13,unsatisfied
990,55,5,1,37778,35,11,unsatisfied
991,50,2,1,214068,45,16,satisfied
992,45,2,1,155899,42,12,unsatisfied
993,6,2,2,208447,18,8,unsatisfied
994,40,2,1,233499,24,10,unsatisfied
995,40,2,1,186824,32,13,satisfied
996,40,0,1,332243,54,8,unsatisfied
997,40,2,2,213722,30,9,unsatisfied
998,50,2,1,305319,36,14,unsatisfied
999,25,2,2,190227,20,14,unsatisfied
1000,50,2,2,119156,24,9,unsatisfied
1001,70,2,1,90992,45,9,unsatisfied
1002,60,2,1,32454,54,9,unsatisfied
1003,40,5,2,100931,48,10,unsatisfied
1004,40,2,1,125000,56,13,unsatisfied
1005,35,5,1,231105,63,10,unsatisfied
1006,52,2,2,239577,23,10,unsatisfied
1007,40,2,1,174964,52,9,unsatisfied
1008,40,4,1,175339,54,13,unsatisfied
1009,49,2,1,123116,27,10,unsatisfied
1010,72,5,1,33121,44,10,unsatisfied
1011,50,2,0,190072,47,10,unsatisfied
1012,40,1,1,115023,62,10,unsatisfied
1013,40,2,1,144067,40,11,unsatisfied
1014,40,2,1,147206,44,10,unsatisfied
1015,40,2,2,552354,19,8,unsatisfied
1016,40,5,1,99220,43,13,unsatisfied
1017,60,2,2,234663,24,9,unsatisfied
1018,40,5,1,236471,28,9,unsatisfied
1019,40,2,1,153942,34,11,unsatisfied
1020,84,5,1,33300,49,9,unsatisfied
1021,40,2,1,194063,46,7,unsatisfied
1022,43,2,1,427475,52,9,satisfied
1023,40,2,1,169112,51,14,unsatisfied
1024,45,2,1,162151,60,9,unsatisfied
1025,40,2,1,151724,26,10,satisfied
1026,40,2,1,108914,51,9,unsatisfied
1027,65,5,0,33404,33,9,unsatisfied
1028,60,5,1,152109,34,9,unsatisfied
1029,33,2,1,146628,70,9,satisfied
1030,40,2,1,124692,43,13,unsatisfied
1031,30,3,2,158206,20,12,satisfied
1032,40,0,2,237503,50,9,unsatisfied
1033,50,2,1,159822,62,9,unsatisfied
1034,40,2,2,177625,26,9,satisfied
1035,60,5,1,193494,43,15,satisfied
1036,30,2,1,43064,55,7,satisfied
1037,40,1,1,211860,43,9,unsatisfied
1038,45,2,1,69333,41,9,unsatisfied
1039,44,2,2,228243,23,10,satisfied
1040,33,2,1,126568,24,13,satisfied
1041,16,2,1,184857,42,9,unsatisfied
1042,50,2,1,208881,31,9,satisfied
1043,56,0,1,455379,38,8,unsatisfied
1044,40,3,2,157028,25,13,unsatisfied
1045,45,2,1,177905,41,14,unsatisfied
1046,40,5,1,36876,67,9,unsatisfied
1047,40,2,2,332379,31,4,unsatisfied
1048,55,2,1,122749,43,9,unsatisfied
1049,50,2,2,171424,40,14,satisfied
1050,40,2,1,217006,25,7,unsatisfied
1051,20,2,2,54440,18,10,unsatisfied
1052,52,2,1,182655,47,11,unsatisfied
1053,40,2,2,223515,20,10,unsatisfied
1054,40,2,1,206520,38,9,satisfied
1055,40,2,1,165472,38,13,unsatisfied
1056,48,2,1,231043,32,9,unsatisfied
1057,40,2,0,122346,22,9,unsatisfied
1058,30,2,2,148995,45,16,satisfied
1059,40,2,1,366876,30,7,unsatisfied
1060,40,2,0,332465,47,10,unsatisfied
1061,50,2,1,102112,48,12,unsatisfied
1062,38,2,1,82388,60,10,satisfied
1063,40,5,0,32239,37,9,unsatisfied
1064,20,5,1,321456,57,9,satisfied
1065,50,2,0,310639,48,10,unsatisfied
1066,45,2,1,269246,27,9,unsatisfied
1067,40,2,2,126675,37,9,satisfied
1068,40,2,1,232653,28,13,satisfied
1069,40,2,1,203967,53,15,satisfied
1070,60,4,0,147098,55,9,unsatisfied
1071,50,2,2,141350,29,9,satisfied
1072,40,2,2,165064,24,10,unsatisfied
1073,40,2,1,227832,54,10,unsatisfied
1074,40,2,0,20795,54,9,unsatisfied
1075,40,2,1,165138,46,11,unsatisfied
1076,50,4,1,122206,45,12,unsatisfied
1077,35,2,1,99516,54,9,unsatisfied
1078,40,0,0,176969,50,9,satisfied
1079,40,2,1,94429,57,9,unsatisfied
1080,85,5,1,192982,53,9,unsatisfied
1081,40,2,1,29658,52,9,unsatisfied
1082,40,2,2,219591,41,9,satisfied
1083,30,2,0,94413,30,10,unsatisfied
1084,50,4,1,212954,45,10,unsatisfied
1085,40,2,2,100235,22,9,unsatisfied
1086,40,1,1,140851,62,9,satisfied
1087,60,2,1,279173,33,9,unsatisfied
1088,50,2,2,197871,25,13,unsatisfied
1089,40,2,0,208067,46,9,unsatisfied
1090,68,1,1,122353,36,10,unsatisfied
1091,40,2,1,175622,49,14,unsatisfied
1092,60,2,1,147548,35,9,unsatisfied
1093,20,2,2,188476,18,7,unsatisfied
1094,25,4,0,369781,42,4,unsatisfied
1095,40,2,1,74660,52,14,unsatisfied
1096,50,2,1,190895,38,13,unsatisfied
1097,45,5,0,184285,45,13,unsatisfied
1098,50,0,1,42900,32,15,satisfied
1099,40,2,1,179877,34,10,unsatisfied
1100,40,0,1,36651,41,14,unsatisfied
1101,40,2,0,27086,61,9,unsatisfied
1102,40,2,1,83861,60,9,unsatisfied
1103,40,2,2,267147,27,9,satisfied
1104,40,2,1,200047,60,14,unsatisfied
1105,45,3,1,132145,57,14,unsatisfied
1106,60,2,2,181020,35,9,unsatisfied
1107,40,2,1,78980,30,11,satisfied
1108,50,1,1,36296,40,13,unsatisfied
1109,50,4,1,154227,33,9,unsatisfied
1110,40,2,2,180271,29,9,unsatisfied
1111,60,4,1,277256,42,16,unsatisfied
1112,30,2,2,79682,17,6,unsatisfied
1113,40,2,2,105617,23,5,unsatisfied
1114,40,2,1,151053,31,10,unsatisfied
1115,40,2,1,227608,32,11,unsatisfied
1116,40,1,0,212847,43,9,unsatisfied
1117,40,2,1,67716,47,9,unsatisfied
1118,45,2,1,155293,41,11,unsatisfied
1119,30,3,0,79324,51,16,satisfied
1120,30,2,0,149546,42,10,satisfied
1121,40,2,1,321943,37,15,satisfied
1122,50,4,2,37019,36,9,unsatisfied
1123,52,2,2,157289,31,13,unsatisfied
1124,40,2,2,97359,32,9,unsatisfied
1125,50,5,1,213279,50,9,unsatisfied
1126,40,2,2,148294,20,10,unsatisfied
1127,45,2,1,174789,34,9,unsatisfied
1128,36,2,1,453067,59,10,unsatisfied
1129,30,5,1,527162,34,10,satisfied
1130,40,2,1,205339,38,5,unsatisfied
1131,50,2,1,217077,36,9,unsatisfied
1132,40,2,1,370274,45,8,unsatisfied
1133,50,2,1,33678,32,10,unsatisfied
1134,20,5,1,152752,47,3,unsatisfied
1135,40,2,1,203985,60,10,satisfied
1136,40,2,2,157249,26,7,unsatisfied
1137,40,3,1,85566,39,13,unsatisfied
1138,40,2,0,374764,40,10,satisfied
1139,35,5,1,219021,48,15,satisfied
1140,30,2,2,83704,22,10,unsatisfied
1141,40,2,1,266529,53,11,satisfied
1142,42,2,2,104052,30,9,satisfied
1143,70,5,1,303867,33,9,unsatisfied
1144,40,2,2,220460,41,9,satisfied
1145,10,3,2,127085,19,10,unsatisfied
1146,65,2,1,274883,47,9,unsatisfied
1147,50,2,1,198003,33,10,unsatisfied
1148,40,2,2,153151,33,9,unsatisfied
1149,25,2,2,36275,18,9,unsatisfied
1150,15,2,2,32732,23,13,unsatisfied
1151,60,2,2,211527,23,10,unsatisfied
1152,40,2,2,134737,34,13,unsatisfied
1153,35,5,1,165315,58,9,unsatisfied
1154,40,2,1,268234,46,11,unsatisfied
1155,40,2,1,211160,24,10,unsatisfied
1156,40,2,1,336513,43,10,unsatisfied
1157,40,2,1,296728,44,14,satisfied
1158,35,2,1,110402,35,7,unsatisfied
1159,45,2,1,255191,35,13,unsatisfied
1160,45,2,1,179481,38,10,unsatisfied
1161,10,1,2,38455,20,10,unsatisfied
1162,40,2,1,183608,63,6,unsatisfied
1163,25,5,1,150886,70,10,unsatisfied
1164,40,2,1,226947,36,13,unsatisfied
1165,55,2,1,160440,45,9,unsatisfied
1166,40,5,1,39630,62,9,unsatisfied
1167,40,2,1,348152,33,9,unsatisfied
1168,40,2,2,362600,18,3,unsatisfied
1169,50,0,1,179717,40,9,unsatisfied
1170,40,5,1,45564,46,15,satisfied
1171,40,2,1,312498,64,13,unsatisfied
1172,65,2,2,279015,34,10,unsatisfied
1173,40,2,1,155574,50,9,unsatisfied
1174,40,2,1,31905,55,14,unsatisfied
1175,40,2,1,141807,55,16,unsatisfied
1176,54,2,1,302847,51,9,unsatisfied
1177,58,2,1,154374,42,13,unsatisfied
1178,15,2,2,109667,24,14,satisfied
1179,40,1,1,36364,66,9,unsatisfied
1180,40,2,2,290226,35,9,satisfied
1181,32,2,2,209641,28,9,unsatisfied
1182,21,2,2,198265,32,2,unsatisfied
1183,40,2,1,142989,34,13,unsatisfied
1184,48,2,1,252986,41,10,unsatisfied
1185,40,0,1,544792,40,10,satisfied
1186,40,2,0,195554,48,4,unsatisfied
1187,40,2,1,177368,58,9,unsatisfied
1188,40,2,2,58037,17,6,unsatisfied
1189,50,2,1,207668,32,9,unsatisfied
1190,50,3,1,195690,53,16,satisfied
1191,40,4,1,171338,50,14,satisfied
1192,40,2,2,321666,21,9,satisfied
1193,52,2,0,207789,36,9,unsatisfied
1194,40,2,1,160786,27,7,unsatisfied
1195,20,2,2,131230,23,9,satisfied
1196,40,2,1,154728,50,10,unsatisfied
1197,40,2,1,231323,61,10,unsatisfied
1198,40,1,1,37931,38,9,unsatisfied
1199,44,2,1,214503,42,13,satisfied
1200,45,4,1,218558,40,13,unsatisfied
1201,15,2,2,242605,17,6,unsatisfied
1202,50,2,2,351871,29,13,unsatisfied
1203,50,4,1,138991,44,10,unsatisfied
1204,50,2,0,215150,39,5,unsatisfied
1205,40,2,1,186792,28,13,satisfied
1206,55,2,1,329288,34,9,unsatisfied
1207,40,2,1,167319,31,13,unsatisfied
1208,50,2,1,51290,40,14,satisfied
1209,40,2,1,225267,56,9,satisfied
1210,40,2,2,265295,49,9,unsatisfied
1211,40,3,1,89487,29,9,satisfied
1212,40,2,2,116915,25,10,satisfied
1213,20,2,2,386378,19,10,unsatisfied
1214,20,4,1,165695,59,13,unsatisfied
1215,40,2,1,229732,34,11,unsatisfied
1216,40,3,1,187581,45,11,unsatisfied
1217,32,2,1,165609,65,9,unsatisfied
1218,60,2,1,122562,57,6,unsatisfied
1219,40,1,1,124827,34,10,unsatisfied
1220,40,2,1,157287,32,13,unsatisfied
1221,40,2,1,167617,45,10,unsatisfied
1222,60,2,0,289890,39,13,satisfied
1223,35,2,1,766115,21,6,satisfied
1224,35,2,2,90758,46,14,unsatisfied
1225,40,2,1,45564,47,10,satisfied
1226,55,2,1,98361,55,13,unsatisfied
1227,60,1,1,227796,90,14,unsatisfied
1228,75,1,1,176756,26,9,unsatisfied
1229,30,2,1,116878,55,16,satisfied
1230,40,2,1,171550,41,9,satisfied
1231,20,2,2,184710,19,10,unsatisfied
1232,45,2,0,325461,43,10,unsatisfied
1233,40,2,0,126954,36,9,unsatisfied
1234,48,1,1,244522,40,14,satisfied
1235,55,2,2,91145,30,9,unsatisfied
1236,40,2,1,553588,39,9,unsatisfied
1237,40,2,0,206889,28,9,unsatisfied
1238,40,2,1,52630,37,10,unsatisfied
1239,10,1,2,38455,20,9,unsatisfied
1240,40,5,1,140558,56,9,satisfied
1241,40,2,1,204692,47,9,unsatisfied
1242,50,2,1,146906,40,14,satisfied
1243,45,2,1,153614,34,9,unsatisfied
1244,20,3,1,493363,68,13,unsatisfied
1245,40,2,1,165881,55,9,unsatisfied
1246,40,5,2,123502,41,10,unsatisfied
1247,40,2,1,240738,29,9,unsatisfied
1248,40,0,1,101676,71,6,unsatisfied
1249,50,2,1,30916,35,9,unsatisfied
1250,3,5,1,137723,71,9,unsatisfied
1251,40,2,2,132565,30,10,unsatisfied
1252,40,2,0,33931,50,9,unsatisfied
1253,50,2,1,456430,24,9,unsatisfied
1254,40,2,2,626493,29,13,unsatisfied
1255,45,2,2,194668,35,15,unsatisfied
1256,35,2,1,231491,37,9,unsatisfied
1257,50,2,0,99309,33,10,unsatisfied
1258,40,5,2,31740,34,9,satisfied
1259,40,2,0,176904,57,6,unsatisfied
1260,65,2,1,244945,41,10,satisfied
1261,40,2,2,376936,27,9,satisfied
1262,40,2,2,25497,25,10,unsatisfied
1263,30,2,2,114874,20,10,unsatisfied
1264,40,3,1,312351,58,13,unsatisfied
1265,40,5,1,184702,55,9,unsatisfied
1266,40,1,0,136787,62,9,unsatisfied
1267,26,2,1,166461,66,7,unsatisfied
1268,48,2,0,230883,33,10,unsatisfied
1269,40,1,1,269527,49,14,unsatisfied
1270,40,2,1,129020,32,9,unsatisfied
1271,40,2,1,165517,60,10,unsatisfied
1272,45,5,1,145419,50,14,satisfied
1273,40,0,0,106297,37,9,unsatisfied
1274,65,5,1,107231,47,12,satisfied
1275,40,2,1,209609,38,10,unsatisfied
1276,50,2,0,258761,38,9,satisfied
1277,40,2,1,55395,44,11,unsatisfied
1278,45,5,1,86646,26,10,unsatisfied
1279,40,2,1,186824,34,13,satisfied
1280,50,2,2,134890,27,13,unsatisfied
1281,20,3,2,295912,25,10,satisfied
1282,40,2,2,37088,27,12,unsatisfied
1283,60,2,1,126950,33,9,unsatisfied
1284,45,2,1,124692,42,13,unsatisfied
1285,50,2,1,313817,22,9,unsatisfied
1286,50,2,1,73413,64,9,unsatisfied
1287,48,2,1,152109,32,9,unsatisfied
1288,40,2,2,33551,22,10,unsatisfied
1289,40,0,1,164195,53,10,unsatisfied
1290,45,5,1,87076,39,9,unsatisfied
1291,40,3,0,440129,31,10,unsatisfied
1292,40,2,1,226702,34,10,satisfied
1293,44,2,1,467108,30,14,unsatisfied
1294,45,3,2,46221,44,16,satisfied
1295,55,4,1,214994,48,10,satisfied
1296,40,2,2,39222,18,7,unsatisfied
1297,45,4,1,99401,49,10,unsatisfied
1298,40,2,2,322674,23,10,satisfied
1299,25,2,2,206512,31,7,satisfied
1300,70,2,2,349148,30,13,unsatisfied
1301,50,2,1,124293,37,10,unsatisfied
1302,40,2,1,191978,47,10,unsatisfied
1303,40,2,1,88470,64,10,unsatisfied
1304,35,2,1,366757,39,9,unsatisfied
1305,60,2,0,193061,47,10,unsatisfied
1306,40,2,2,192173,17,5,unsatisfied
1307,40,3,1,150533,40,13,unsatisfied
1308,40,0,1,115066,32,9,unsatisfied
1309,24,2,2,130806,17,6,satisfied
1310,55,5,1,129786,55,9,unsatisfied
1311,44,2,1,59612,49,10,unsatisfied
1312,55,5,1,75050,37,11,unsatisfied
1313,40,2,1,157932,59,9,unsatisfied
1314,65,2,1,222529,47,13,unsatisfied
1315,45,2,1,539563,61,10,satisfied
1316,50,3,1,273905,24,12,unsatisfied
1317,55,4,1,218164,33,10,unsatisfied
1318,40,0,1,52781,42,14,unsatisfied
1319,50,2,1,112497,37,15,unsatisfied
1320,40,2,2,177625,25,9,satisfied
1321,45,2,1,185291,46,7,unsatisfied
1322,40,4,1,188694,48,16,unsatisfied
1323,42,2,2,208725,27,12,satisfied
1324,20,2,2,186648,21,10,satisfied
1325,40,2,2,168470,29,9,satisfied
1326,40,2,0,212864,58,9,unsatisfied
1327,50,2,1,270421,29,13,unsatisfied
1328,40,2,1,70754,46,13,unsatisfied
1329,40,2,1,70584,48,9,unsatisfied
1330,60,1,2,146586,18,9,satisfied
1331,60,4,2,186410,47,15,unsatisfied
1332,50,4,1,144778,44,10,unsatisfied
1333,60,5,1,353808,57,10,unsatisfied
1334,44,0,1,356934,41,10,unsatisfied
1335,42,2,1,39484,29,13,unsatisfied
1336,35,5,1,159939,62,9,unsatisfied
1337,50,2,1,141340,50,13,satisfied
1338,40,2,1,41806,51,7,unsatisfied
1339,20,2,2,195520,28,10,unsatisfied
1340,40,2,2,158746,52,9,satisfied
1341,40,2,1,178244,29,9,unsatisfied
1342,40,2,2,136832,30,5,unsatisfied
1343,45,0,0,123011,52,9,unsatisfied
1344,60,2,1,62857,43,10,unsatisfied
1345,40,2,1,172186,39,9,unsatisfied
1346,80,2,1,186183,35,9,unsatisfied
1347,40,2,1,107630,38,13,unsatisfied
1348,35,5,1,36311,70,13,unsatisfied
1349,40,2,1,103751,38,5,unsatisfied
1350,40,2,1,82622,37,10,satisfied
1351,45,2,0,201127,51,9,unsatisfied
1352,50,2,1,329635,31,13,unsatisfied
1353,40,2,1,242804,41,9,unsatisfied
1354,40,2,2,97261,19,8,unsatisfied
1355,25,5,1,318593,47,9,satisfied
1356,30,2,1,109651,73,9,satisfied
1357,60,2,1,283174,40,11,satisfied
1358,53,2,1,248739,58,9,unsatisfied
1359,20,2,2,191935,28,12,unsatisfied
1360,50,2,1,92028,35,14,satisfied
1361,40,2,1,222434,44,9,unsatisfied
1362,40,2,1,31740,34,4,satisfied
1363,40,0,2,42900,30,13,satisfied
1364,50,4,1,65624,35,13,unsatisfied
1365,50,5,1,138872,43,9,unsatisfied
1366,42,2,2,63105,41,9,unsatisfied
1367,40,2,1,142909,45,9,unsatisfied
1368,24,2,2,410439,21,10,unsatisfied
1369,40,2,2,44677,32,13,unsatisfied
1370,40,2,1,117674,54,14,unsatisfied
1371,70,2,1,100054,58,13,unsatisfied
1372,40,4,1,40767,22,10,satisfied
1373,50,2,1,88432,29,11,unsatisfied
1374,45,0,0,94342,48,13,unsatisfied
1375,40,2,2,285432,24,9,satisfied
1376,40,2,1,44368,50,10,unsatisfied
1377,50,2,1,65390,37,13,unsatisfied
1378,40,2,1,208451,56,13,unsatisfied
1379,50,4,2,188861,46,14,unsatisfied
1380,45,2,1,203488,31,13,satisfied
1381,50,2,2,276133,22,9,unsatisfied
1382,24,2,2,206546,19,10,satisfied
1383,40,5,1,409230,23,2,unsatisfied
1384,40,2,1,214781,43,14,satisfied
1385,45,2,1,177063,53,10,satisfied
1386,70,2,1,197816,67,10,unsatisfied
1387,60,2,0,150999,54,10,unsatisfied
1388,40,1,2,27051,30,10,unsatisfied
1389,45,2,1,233149,51,12,satisfied
1390,60,2,1,41090,41,9,unsatisfied
1391,45,2,1,36222,33,16,satisfied
1392,30,2,1,293926,28,9,unsatisfied
1393,50,5,1,186565,50,13,satisfied
1394,50,2,0,71269,44,10,unsatisfied
1395,60,2,1,145636,48,9,unsatisfied
1396,40,2,2,214542,24,7,satisfied
1397,40,2,1,159549,41,13,unsatisfied
1398,40,2,1,121319,62,13,unsatisfied
1399,40,3,1,133014,50,11,unsatisfied
1400,40,2,2,111467,21,10,unsatisfied
1401,40,2,0,347166,31,10,unsatisfied
1402,40,2,2,182054,47,9,unsatisfied
1403,50,2,2,185366,35,13,unsatisfied
1404,40,4,1,172175,54,10,unsatisfied
1405,35,1,1,180096,41,13,unsatisfied
1406,50,5,2,212041,27,13,unsatisfied
1407,48,2,1,218015,38,10,unsatisfied
1408,50,2,2,87310,33,5,unsatisfied
1409,40,2,1,266439,43,13,unsatisfied
1410,35,2,1,219288,44,4,satisfied
1411,40,2,1,263439,51,13,unsatisfied
1412,50,5,1,309955,75,15,unsatisfied
1413,30,5,1,141795,27,10,unsatisfied
1414,40,5,1,39369,32,13,unsatisfied
1415,45,2,1,172714,34,13,satisfied
1416,60,5,1,35723,58,9,satisfied
1417,40,2,1,147206,41,8,unsatisfied
1418,52,5,1,325732,59,9,unsatisfied
1419,35,2,2,399022,23,9,unsatisfied
1420,48,1,1,100479,44,12,unsatisfied
1421,42,2,1,119679,42,9,unsatisfied
1422,40,2,2,108658,26,9,unsatisfied
1423,40,2,1,238386,45,11,unsatisfied
1424,40,2,1,161902,21,7,unsatisfied
1425,40,0,1,88564,45,10,unsatisfied
1426,40,2,1,306504,39,9,unsatisfied
1427,38,5,1,437281,57,10,unsatisfied
1428,40,1,1,347491,38,13,satisfied
1429,30,2,2,477083,18,7,unsatisfied
1430,50,2,1,192776,47,13,unsatisfied
1431,60,2,1,209739,49,11,unsatisfied
1432,40,2,2,145284,28,10,unsatisfied
1433,60,3,2,23157,43,9,unsatisfied
1434,40,2,1,57066,28,9,unsatisfied
1435,50,2,2,38918,28,13,unsatisfied
1436,40,2,2,112497,38,9,unsatisfied
1437,30,5,2,41099,27,9,unsatisfied
1438,50,2,2,209472,27,13,unsatisfied
1439,45,2,1,423711,36,9,satisfied
1440,38,2,1,106900,41,13,satisfied
1441,30,2,1,189932,61,9,unsatisfied
1442,40,2,2,83880,37,10,unsatisfied
1443,70,2,1,120131,48,9,unsatisfied
1444,40,2,1,133669,49,10,satisfied
1445,99,2,1,147284,31,16,unsatisfied
1446,48,2,2,153549,30,13,unsatisfied
1447,42,2,1,434467,23,10,unsatisfied
1448,45,2,1,161141,38,10,unsatisfied
1449,45,2,0,156926,49,11,unsatisfied
1450,40,2,1,280966,35,10,satisfied
1451,40,2,2,193246,30,9,unsatisfied
1452,45,2,1,206074,39,13,unsatisfied
1453,40,2,1,170066,56,9,unsatisfied
1454,50,2,1,143123,36,15,unsatisfied
1455,40,0,1,321865,53,14,satisfied
1456,40,2,1,200246,32,13,unsatisfied
1457,50,2,2,268525,23,13,unsatisfied
1458,40,5,1,182177,32,9,unsatisfied
1459,40,2,1,180195,52,13,unsatisfied
1460,40,4,1,204928,46,10,unsatisfied
1461,25,2,2,109952,20,10,unsatisfied
1462,40,1,1,188291,42,13,unsatisfied
1463,55,2,1,226941,29,10,unsatisfied
1464,40,2,2,211798,22,10,unsatisfied
1465,40,2,2,68748,43,9,unsatisfied
1466,40,2,2,138513,22,10,unsatisfied
1467,40,2,1,206951,35,10,unsatisfied
1468,50,2,1,128143,50,13,unsatisfied
1469,30,2,2,246431,45,13,satisfied
1470,40,2,1,186256,49,10,unsatisfied
1471,40,0,0,186256,48,9,unsatisfied
1472,40,2,1,195860,34,9,satisfied
1473,55,2,1,187308,47,9,unsatisfied
1474,40,2,2,218678,24,13,unsatisfied
1475,30,2,0,160786,27,9,unsatisfied
1476,55,2,1,138714,68,13,unsatisfied
1477,40,2,1,197702,47,10,unsatisfied
1478,40,3,1,147206,42,11,unsatisfied
1479,45,2,1,424988,34,9,satisfied
1480,40,2,1,450924,38,8,unsatisfied
1481,40,2,1,91189,23,10,unsatisfied
1482,45,2,1,214781,44,14,satisfied
1483,70,4,1,52565,54,4,unsatisfied
1484,40,2,1,173590,42,10,unsatisfied
1485,40,2,1,180881,52,13,unsatisfied
1486,50,2,0,146786,46,6,satisfied
1487,40,2,1,114251,39,9,unsatisfied
1488,50,2,1,105253,46,14,unsatisfied
1489,40,2,2,369164,19,9,unsatisfied
1490,40,2,1,588003,37,13,unsatisfied
1491,20,2,2,109282,30,10,unsatisfied
1492,45,2,0,120277,44,9,unsatisfied
1493,48,2,1,268525,23,9,unsatisfied
1494,55,2,1,149507,34,9,satisfied
1495,40,2,1,196816,24,13,unsatisfied
1496,70,5,1,34007,40,9,unsatisfied
1497,40,2,0,239155,51,11,unsatisfied
1498,43,2,1,216583,25,13,unsatisfied
1499,45,1,1,86643,38,13,unsatisfied
1500,40,0,2,183804,45,10,unsatisfied
1501,55,2,1,369131,42,12,unsatisfied
1502,40,2,1,214071,63,6,satisfied
1503,50,5,1,238802,35,9,unsatisfied
1504,50,5,2,181091,34,10,unsatisfied
1505,35,2,2,456572,19,9,unsatisfied
1506,40,5,1,200471,49,9,satisfied
1507,35,2,2,82552,35,9,satisfied
1508,45,2,1,163847,41,13,satisfied
1509,35,5,1,282461,38,4,unsatisfied
1510,40,2,1,143123,38,9,unsatisfied
1511,40,2,1,211494,37,9,unsatisfied
1512,40,2,2,48915,35,13,unsatisfied
1513,80,5,2,48520,30,9,unsatisfied
1514,35,5,1,220342,60,7,satisfied
1515,50,5,2,76487,40,13,unsatisfied
1516,40,5,1,145744,23,9,unsatisfied
1517,45,2,1,131239,36,13,satisfied
1518,60,5,1,187794,60,9,satisfied
1519,50,2,0,99316,50,9,unsatisfied
1520,50,5,1,204235,41,15,unsatisfied
1521,44,2,1,204410,41,9,unsatisfied
1522,45,2,1,178780,43,12,unsatisfied
1523,50,2,2,173736,22,9,unsatisfied
1524,40,2,1,174373,44,12,unsatisfied
1525,60,2,1,403671,24,9,satisfied
1526,40,2,1,113152,35,9,unsatisfied
1527,40,3,1,330836,24,9,unsatisfied
1528,40,2,2,375827,30,9,satisfied
1529,25,5,0,102318,49,12,unsatisfied
1530,40,2,1,344129,32,9,satisfied
1531,72,2,1,145711,43,10,unsatisfied
1532,40,2,1,139571,49,9,unsatisfied
1533,70,5,1,138940,36,9,unsatisfied
1534,50,3,2,171216,34,13,satisfied
1535,45,5,1,78383,63,9,unsatisfied
1536,40,2,1,45796,32,8,satisfied
1537,55,2,1,323798,47,15,unsatisfied
1538,40,2,1,259931,31,4,unsatisfied
1539,5,2,2,36162,18,7,satisfied
1540,40,5,1,114366,35,13,unsatisfied
1541,40,2,1,212120,48,9,unsatisfied
1542,40,2,1,166565,50,9,unsatisfied
1543,40,2,1,143123,38,13,unsatisfied
1544,40,2,0,110371,24,9,unsatisfied
1545,20,5,0,193720,58,9,unsatisfied
1546,40,1,0,349986,46,13,unsatisfied
1547,45,2,1,224658,44,9,unsatisfied
1548,45,2,1,54772,49,9,unsatisfied
1549,50,5,1,191503,35,10,unsatisfied
1550,55,2,1,127384,32,11,unsatisfied
1551,50,1,1,240638,52,14,unsatisfied
1552,40,4,1,196689,48,13,unsatisfied
1553,35,2,1,218490,36,12,unsatisfied
1554,56,2,1,191335,36,10,unsatisfied
1555,60,4,1,117158,43,13,unsatisfied
1556,60,2,0,36270,35,9,unsatisfied
1557,50,2,1,30840,46,13,unsatisfied
1558,35,2,2,200047,18,8,unsatisfied
1559,40,2,1,181232,64,7,satisfied
1560,40,1,1,227890,42,13,unsatisfied
1561,50,2,1,352465,31,10,unsatisfied
1562,40,2,1,330695,26,10,unsatisfied
1563,60,2,0,200783,50,4,unsatisfied
1564,40,2,2,177675,30,9,satisfied
1565,13,5,1,83311,50,13,unsatisfied
1566,40,2,1,91475,50,9,unsatisfied
1567,18,2,2,308498,23,6,unsatisfied
1568,50,5,2,185848,35,9,unsatisfied
1569,65,4,1,81413,65,9,unsatisfied
1570,40,3,2,105787,26,13,unsatisfied
1571,40,2,2,69739,25,6,unsatisfied
1572,28,2,2,243178,20,9,unsatisfied
1573,60,2,1,180667,36,9,unsatisfied
1574,50,4,1,303090,56,10,unsatisfied
1575,50,2,0,183850,41,9,unsatisfied
1576,40,2,1,164200,49,10,unsatisfied
1577,42,2,2,106951,28,9,satisfied
1578,65,5,0,189216,52,9,unsatisfied
1579,65,2,1,102569,46,14,unsatisfied
1580,30,2,1,273534,50,9,satisfied
1581,45,1,2,226494,31,13,satisfied
1582,40,2,1,200610,27,9,unsatisfied
1583,40,2,1,88842,53,9,unsatisfied
1584,30,2,2,214617,18,10,satisfied
1585,40,2,2,235691,20,9,unsatisfied
1586,40,4,1,34218,43,10,unsatisfied
1587,40,2,1,148207,32,11,unsatisfied
1588,50,2,2,190539,28,13,unsatisfied
1589,40,2,1,288568,41,9,unsatisfied
1590,50,2,1,87054,30,9,unsatisfied
1591,40,4,1,269583,22,4,unsatisfied
1592,40,2,1,30912,28,9,unsatisfied
1593,60,2,0,171242,55,9,satisfied
1594,40,2,0,390369,40,9,satisfied
1595,50,4,1,68330,30,10,unsatisfied
1596,65,5,1,135102,51,9,satisfied
1597,40,2,1,212578,27,11,unsatisfied
1598,50,2,0,193898,27,9,satisfied
1599,50,2,0,59767,46,10,unsatisfied
1600,40,4,1,151029,39,9,unsatisfied
1601,40,2,1,197189,54,13,unsatisfied
1602,40,2,1,168283,47,13,satisfied
1603,45,2,1,276559,35,13,unsatisfied
1604,40,5,1,132565,33,7,unsatisfied
1605,20,5,1,279129,50,14,unsatisfied
1606,60,2,1,268183,42,13,unsatisfied
1607,25,5,1,167149,64,4,unsatisfied
1608,20,2,2,260801,18,9,satisfied
1609,48,5,1,183151,29,9,unsatisfied
1610,35,2,1,202692,40,9,unsatisfied
1611,40,2,1,175600,47,9,unsatisfied
1612,45,2,1,195602,32,13,unsatisfied
1613,40,2,1,256916,52,9,unsatisfied
1614,20,2,2,117798,17,6,unsatisfied
1615,48,2,2,111567,30,9,unsatisfied
1616,50,5,0,105614,49,9,unsatisfied
1617,40,2,1,65278,30,9,unsatisfied
1618,40,2,2,258675,34,9,satisfied
1619,60,2,1,49020,35,14,unsatisfied
1620,40,2,2,231866,23,10,unsatisfied
1621,40,2,1,237819,50,9,unsatisfied
1622,60,4,1,51579,48,13,satisfied
1623,40,1,2,126569,37,9,satisfied
1624,60,2,2,162572,33,9,unsatisfied
1625,20,5,1,236247,62,9,unsatisfied
1626,40,2,1,155278,52,9,unsatisfied
1627,65,2,0,312271,37,14,unsatisfied
1628,40,2,1,33731,31,9,unsatisfied
1629,50,2,1,87239,28,10,unsatisfied
1630,40,2,0,291981,37,9,unsatisfied
1631,40,2,2,34292,28,9,unsatisfied
1632,60,2,1,360096,46,13,unsatisfied
1633,70,2,1,133766,26,9,satisfied
1634,55,0,1,103323,38,13,unsatisfied
1635,40,1,2,201664,24,10,unsatisfied
1636,40,2,1,280798,47,10,satisfied
1637,45,2,2,254293,24,13,satisfied
1638,40,2,1,186183,39,14,unsatisfied
1639,45,5,1,108604,81,6,unsatisfied
1640,55,2,1,184105,41,9,unsatisfied
1641,60,2,1,154374,43,10,unsatisfied
1642,80,4,1,395831,37,13,satisfied
1643,72,4,1,197189,53,9,unsatisfied
1644,50,2,1,119153,34,7,unsatisfied
1645,40,2,2,340917,31,9,unsatisfied
1646,40,2,2,120277,41,13,unsatisfied
1647,45,2,1,194668,37,10,unsatisfied
1648,40,2,1,183884,56,7,unsatisfied
1649,40,2,2,32950,23,10,unsatisfied
1650,44,3,1,244974,44,13,satisfied
1651,40,2,2,389143,19,10,unsatisfied
1652,50,1,1,286405,38,16,satisfied
1653,40,5,1,104001,74,9,satisfied
1654,40,2,2,119793,28,13,unsatisfied
1655,40,2,2,97723,33,9,unsatisfied
1656,40,2,2,269623,22,10,unsatisfied
1657,38,2,1,127089,46,10,unsatisfied
1658,50,4,2,210013,43,10,unsatisfied
1659,40,5,1,105010,54,13,unsatisfied
1660,12,2,2,356838,39,9,unsatisfied
1661,40,2,1,322013,58,9,satisfied
1662,20,2,2,209650,17,8,unsatisfied
1663,35,2,2,119665,21,10,unsatisfied
1664,99,5,2,246891,46,15,unsatisfied
1665,40,2,1,115932,43,13,unsatisfied
1666,40,1,1,203408,25,10,satisfied
1667,40,2,1,185870,46,13,unsatisfied
1668,5,2,2,201412,17,6,unsatisfied
1669,40,2,1,221495,50,13,satisfied
1670,40,2,1,99549,71,3,unsatisfied
1671,48,0,2,165050,52,9,unsatisfied
1672,48,2,1,184655,38,9,unsatisfied
1673,50,2,2,244246,29,13,satisfied
1674,40,2,1,266598,54,13,satisfied
1675,25,2,2,446771,18,10,unsatisfied
1676,40,2,1,257046,57,9,unsatisfied
1677,40,2,1,132686,28,10,unsatisfied
1678,45,1,1,328610,48,15,unsatisfied
1679,40,2,0,86505,45,10,unsatisfied
1680,30,2,2,198148,24,10,unsatisfied
1681,48,5,1,136413,59,4,unsatisfied
1682,42,0,0,45891,45,10,satisfied
1683,40,2,1,265190,32,13,unsatisfied
1684,40,2,1,207546,23,7,unsatisfied
1685,60,4,1,239018,33,16,unsatisfied
1686,50,2,1,256864,38,9,unsatisfied
1687,40,2,2,122999,25,10,unsatisfied
1688,40,2,1,210610,38,12,unsatisfied
1689,35,4,1,84409,61,9,unsatisfied
1690,50,4,1,362654,49,10,unsatisfied
1691,60,2,1,421010,21,7,satisfied
1692,60,2,2,189888,21,9,unsatisfied
1693,40,2,1,77975,40,9,unsatisfied
1694,40,0,0,34178,41,13,unsatisfied
1695,50,2,1,66687,36,9,unsatisfied
1696,40,2,1,195258,43,9,unsatisfied
1697,40,2,1,145985,63,9,unsatisfied
1698,30,5,1,215944,62,3,unsatisfied
1699,40,0,2,191073,24,9,unsatisfied
1700,40,3,1,409201,29,10,unsatisfied
1701,40,1,1,160586,58,9,unsatisfied
1702,40,5,1,607848,37,13,unsatisfied
1703,40,2,2,238474,19,7,unsatisfied
1704,45,2,1,295896,53,7,unsatisfied
1705,45,5,1,162834,37,9,unsatisfied
1706,40,2,2,114967,27,13,unsatisfied
1707,35,2,2,217530,28,10,unsatisfied
1708,40,2,1,266926,24,10,satisfied
1709,40,5,1,103323,35,10,unsatisfied
1710,40,0,2,113398,55,10,unsatisfied
1711,40,2,1,60229,31,9,unsatisfied
1712,30,2,0,123429,51,12,unsatisfied
1713,30,5,1,168048,63,15,satisfied
1714,40,2,2,135246,47,7,satisfied
1715,8,2,2,39927,20,9,unsatisfied
1716,25,2,2,320014,19,10,unsatisfied
1717,45,2,1,243409,36,13,unsatisfied
1718,40,2,2,167963,59,9,satisfied
1719,20,3,1,170458,69,9,unsatisfied
1720,60,2,1,119992,37,3,unsatisfied
1721,50,2,1,233511,48,9,unsatisfied
1722,40,2,2,112706,24,11,unsatisfied
1723,48,2,0,172822,48,10,satisfied
1724,40,0,1,222011,45,13,unsatisfied
1725,45,2,2,173212,25,12,unsatisfied
1726,40,2,2,90409,34,10,unsatisfied
1727,20,4,2,197496,24,13,unsatisfied
1728,60,2,1,123429,34,10,unsatisfied
1729,40,2,0,241962,38,9,unsatisfied
1730,44,1,1,168790,55,9,unsatisfied
1731,40,2,2,98155,25,10,unsatisfied
1732,60,2,1,39060,42,9,satisfied
1733,50,2,1,348460,32,11,unsatisfied
1734,40,2,0,167062,28,10,unsatisfied
1735,30,2,0,184306,33,9,unsatisfied
1736,20,2,1,200560,69,13,satisfied
1737,40,2,2,219619,34,9,satisfied
1738,35,2,1,91683,26,6,unsatisfied
1739,40,0,2,39137,40,14,satisfied
1740,40,2,2,432376,24,13,satisfied
1741,40,2,1,165001,50,14,unsatisfied
1742,20,2,1,350498,65,13,unsatisfied
1743,49,2,1,178780,43,10,unsatisfied
1744,47,2,2,198668,19,8,unsatisfied
1745,50,2,1,159322,34,13,unsatisfied
1746,60,1,1,176716,41,9,unsatisfied
1747,43,2,1,99679,40,14,unsatisfied
1748,40,2,1,168462,48,9,satisfied
1749,40,1,0,298510,27,9,unsatisfied
1750,30,2,2,54440,18,10,unsatisfied
1751,40,2,1,285570,48,9,satisfied
1752,60,2,2,193231,31,13,unsatisfied
1753,45,2,1,287581,41,13,unsatisfied
1754,48,2,1,189148,20,9,unsatisfied
1755,45,2,1,168071,40,13,satisfied
1756,40,4,2,80158,28,9,unsatisfied
1757,40,2,1,306908,25,9,unsatisfied
1758,24,2,1,217424,68,9,unsatisfied
1759,40,2,1,196571,48,10,unsatisfied
1760,40,0,1,31339,47,10,unsatisfied
1761,60,2,1,53277,32,14,unsatisfied
1762,55,4,1,318280,49,13,satisfied
1763,48,2,1,161563,63,9,unsatisfied
1764,40,2,0,93056,33,4,unsatisfied
1765,48,2,1,129806,25,9,unsatisfied
1766,40,2,1,160362,55,13,unsatisfied
1767,40,2,0,451603,55,10,unsatisfied
1768,50,0,2,54377,18,9,unsatisfied
1769,55,2,2,230224,30,13,unsatisfied
1770,60,0,1,175232,39,10,satisfied
1771,40,3,1,209317,34,10,unsatisfied
1772,55,2,1,189407,28,9,satisfied
1773,40,2,1,162347,60,15,unsatisfied
1774,50,2,0,79036,40,11,satisfied
1775,40,2,2,151053,32,10,unsatisfied
1776,24,2,1,183810,58,9,unsatisfied
1777,40,2,1,26721,60,10,unsatisfied
1778,50,5,1,123088,45,9,unsatisfied
1779,45,2,1,198425,41,10,unsatisfied
1780,40,1,1,190747,57,5,unsatisfied
1781,40,5,1,152810,53,6,unsatisfied
1782,45,2,0,139684,37,9,unsatisfied
1783,35,5,2,216178,27,13,satisfied
1784,40,2,1,126094,42,9,satisfied
1785,45,2,1,60358,25,9,unsatisfied
1786,55,2,1,97054,23,9,unsatisfied
1787,50,2,1,98637,46,13,unsatisfied
1788,46,2,1,196360,49,10,unsatisfied
1789,45,5,1,41496,52,10,unsatisfied
1790,60,5,1,101593,42,13,unsatisfied
1791,40,2,1,188872,59,9,unsatisfied
1792,20,2,1,89787,70,9,satisfied
1793,40,2,1,314739,44,10,unsatisfied
1794,40,2,1,301614,39,9,unsatisfied
1795,50,2,1,170769,34,9,unsatisfied
1796,40,2,1,182136,40,9,unsatisfied
1797,40,2,1,143766,30,13,unsatisfied
1798,40,2,1,145166,40,9,unsatisfied
1799,40,2,1,214288,31,10,satisfied
1800,50,5,1,248094,42,9,unsatisfied
1801,45,2,1,42251,46,10,unsatisfied
1802,55,2,1,255014,45,10,satisfied
1803,80,1,1,432204,34,12,satisfied
1804,40,2,1,105422,29,9,unsatisfied
1805,34,2,1,90290,59,10,unsatisfied
1806,45,2,1,169133,59,9,unsatisfied
1807,50,2,0,175600,45,11,unsatisfied
1808,50,5,1,460259,44,13,unsatisfied
1809,44,5,1,203408,32,9,satisfied
1810,40,2,2,77760,28,9,unsatisfied
1811,40,3,0,355756,42,10,unsatisfied
1812,40,2,1,103759,43,9,unsatisfied
1813,40,2,1,420986,47,13,satisfied
1814,44,2,1,348592,30,9,unsatisfied
1815,40,3,1,254890,61,9,satisfied
1816,50,2,1,177633,46,9,satisfied
1817,24,2,1,234743,66,10,unsatisfied
1818,40,5,1,93930,33,9,unsatisfied
1819,40,2,2,174102,54,10,unsatisfied
1820,19,2,2,106819,51,4,satisfied
1821,50,2,1,37676,34,13,unsatisfied
1822,40,1,1,61708,55,13,unsatisfied
1823,32,2,1,165695,59,12,unsatisfied
1824,40,2,1,124818,36,9,unsatisfied
1825,60,4,1,165981,42,10,unsatisfied
1826,40,2,1,93017,26,11,unsatisfied
1827,56,2,0,148549,45,10,unsatisfied
1828,53,0,1,121093,34,13,unsatisfied
1829,55,2,2,60668,23,10,unsatisfied
1830,50,2,2,32732,23,10,unsatisfied
1831,40,2,1,175232,37,13,satisfied
1832,40,0,1,33863,54,9,unsatisfied
1833,40,5,1,107410,37,9,satisfied
1834,50,5,1,201292,34,11,unsatisfied
1835,40,2,1,366425,66,9,unsatisfied
1836,40,2,1,66095,28,9,unsatisfied
1837,25,5,1,326903,63,2,unsatisfied
1838,44,2,1,197871,25,10,unsatisfied
1839,40,2,1,274158,40,9,unsatisfied
1840,40,2,1,103986,35,11,satisfied
1841,50,4,1,34266,41,6,unsatisfied
1842,40,2,2,207066,37,10,unsatisfied
1843,40,5,1,197702,48,10,unsatisfied
1844,35,5,2,67240,26,9,unsatisfied
1845,50,2,1,65087,49,14,unsatisfied
1846,50,2,1,65325,56,13,unsatisfied
1847,39,2,2,283757,24,13,unsatisfied
1848,60,2,1,195161,67,14,unsatisfied
1849,60,5,1,121058,32,9,unsatisfied
1850,40,2,1,145409,50,13,satisfied
1851,25,2,2,304469,19,6,unsatisfied
1852,38,3,1,34104,34,14,unsatisfied
1853,40,5,1,78020,59,4,unsatisfied
1854,40,1,1,145879,50,14,unsatisfied
1855,48,2,1,318647,32,13,satisfied
1856,48,2,1,250967,29,11,unsatisfied
1857,52,1,1,387777,35,12,unsatisfied
1858,47,2,1,225243,30,14,satisfied
1859,40,0,1,232036,39,10,unsatisfied
1860,20,2,2,78528,18,7,satisfied
1861,16,2,1,133144,64,9,unsatisfied
1862,45,2,2,181820,24,10,unsatisfied
1863,40,2,0,168941,37,7,unsatisfied
1864,55,5,1,48846,61,16,unsatisfied
1865,40,2,1,154076,43,10,unsatisfied
1866,50,5,1,188540,35,5,unsatisfied
1867,40,2,1,423222,46,13,satisfied
1868,40,2,1,146908,40,9,satisfied
1869,48,2,1,171615,41,10,satisfied
1870,40,2,1,146767,51,11,satisfied
1871,40,1,1,279452,54,9,unsatisfied
1872,40,5,1,143437,71,14,unsatisfied
1873,60,4,1,147239,54,16,unsatisfied
1874,40,2,1,286115,36,9,satisfied
1875,43,2,1,216292,48,9,satisfied
1876,70,1,1,194901,32,12,unsatisfied
1877,40,5,1,111772,41,12,satisfied
1878,30,2,0,155781,48,13,unsatisfied
1879,40,2,1,185216,31,13,unsatisfied
1880,45,2,1,372525,38,14,unsatisfied
1881,53,2,2,176520,26,9,satisfied
1882,50,2,1,266912,26,9,satisfied
1883,40,1,0,228320,42,4,satisfied
1884,10,2,1,85420,63,10,unsatisfied
1885,45,2,1,134635,38,9,unsatisfied
1886,40,2,1,135001,27,9,satisfied
1887,50,2,1,159474,62,9,unsatisfied
1888,50,2,1,114537,40,11,unsatisfied
1889,40,2,2,356689,31,13,unsatisfied
1890,40,2,1,198196,41,9,unsatisfied
1891,37,2,1,83411,40,10,unsatisfied
1892,40,0,2,312017,24,10,unsatisfied
1893,20,2,2,159561,18,7,unsatisfied
1894,45,2,1,201197,66,13,unsatisfied
1895,50,2,1,356861,24,6,unsatisfied
1896,55,1,1,55363,42,14,unsatisfied
1897,10,3,2,30687,18,10,unsatisfied
1898,20,1,2,131239,38,9,satisfied
1899,36,1,1,318647,32,9,satisfied
1900,40,1,1,220237,36,13,satisfied
1901,40,2,1,213140,45,6,unsatisfied
1902,40,2,1,181246,54,10,satisfied
1903,50,2,1,278924,38,13,unsatisfied
1904,40,2,2,256813,42,10,unsatisfied
1905,62,4,1,32016,41,9,unsatisfied
1906,60,2,2,42706,24,11,unsatisfied
1907,40,2,1,420277,65,10,satisfied
1908,40,2,2,216867,23,9,unsatisfied
1909,13,3,2,166851,24,14,unsatisfied
1910,40,2,2,240160,23,12,satisfied
1911,30,2,2,121240,19,9,unsatisfied
1912,40,4,1,113718,68,7,unsatisfied
1913,40,2,1,119128,28,12,unsatisfied
1914,40,5,1,102771,45,13,unsatisfied
1915,40,3,1,144928,41,13,satisfied
1916,50,2,1,239865,49,9,satisfied
1917,40,2,1,92262,28,9,unsatisfied
1918,50,5,1,141165,58,9,satisfied
1919,35,1,1,218490,37,9,unsatisfied
1920,35,2,1,47902,41,10,unsatisfied
1921,50,2,1,110713,37,9,unsatisfied
1922,40,2,1,53197,51,10,unsatisfied
1923,56,5,0,58343,37,9,satisfied
1924,45,2,1,105803,37,9,unsatisfied
1925,40,2,2,369084,22,10,unsatisfied
1926,40,2,1,195770,33,9,satisfied
1927,40,5,1,181405,47,15,unsatisfied
1928,42,2,1,199067,55,13,unsatisfied
1929,34,2,2,111520,32,10,unsatisfied
1930,40,2,2,291011,23,9,satisfied
1931,40,2,1,199599,40,6,unsatisfied
1932,50,2,2,314798,26,9,unsatisfied
1933,65,5,1,276087,47,9,unsatisfied
1934,50,2,2,265361,21,9,unsatisfied
1935,70,2,2,425528,30,9,satisfied
1936,45,2,1,44489,45,9,unsatisfied
1937,40,1,1,297449,37,9,satisfied
1938,25,5,2,196342,30,10,unsatisfied
1939,40,2,1,169804,66,13,unsatisfied
1940,40,2,2,126974,25,9,unsatisfied
1941,45,5,1,198692,42,10,unsatisfied
1942,30,2,2,214678,19,9,satisfied
1943,65,4,1,117721,41,10,unsatisfied
1944,50,2,1,33300,45,11,unsatisfied
1945,40,3,2,158291,30,13,satisfied
1946,16,2,1,162009,67,6,unsatisfied
1947,55,4,1,223671,41,9,unsatisfied
1948,50,5,1,422249,55,9,satisfied
1949,55,2,1,186191,38,9,unsatisfied
1950,55,2,1,127651,34,14,satisfied
1951,48,2,1,356555,28,10,unsatisfied
1952,50,2,1,346406,28,9,satisfied
1953,40,2,1,29874,38,11,unsatisfied
1954,12,3,2,38151,24,10,unsatisfied
1955,40,0,1,289572,50,10,satisfied
1956,40,2,2,227332,61,13,unsatisfied
1957,50,2,1,145166,51,9,unsatisfied
1958,10,5,1,344329,41,9,satisfied
1959,20,5,1,21174,64,9,unsatisfied
1960,55,2,1,112906,48,14,unsatisfied
1961,50,2,1,183627,28,10,unsatisfied
1962,47,2,1,162238,51,14,unsatisfied
1963,40,2,2,205152,30,13,unsatisfied
1964,20,2,1,108435,54,9,unsatisfied
1965,40,2,1,146440,33,10,satisfied
1966,40,2,1,188146,30,9,unsatisfied
1967,40,2,0,148995,49,9,satisfied
1968,80,5,2,30244,27,9,unsatisfied
1969,40,2,1,365745,28,5,unsatisfied
1970,60,2,2,176101,36,10,unsatisfied
1971,20,2,2,149823,19,10,satisfied
1972,20,5,1,175897,51,5,unsatisfied
1973,40,4,1,172246,49,13,unsatisfied
1974,35,2,1,154589,60,9,unsatisfied
1975,38,2,1,145441,43,13,satisfied
1976,40,2,1,161510,42,13,unsatisfied
1977,40,2,1,230951,50,13,unsatisfied
1978,48,2,1,255847,42,9,unsatisfied
1979,40,2,1,344073,34,9,satisfied
1980,38,3,0,24264,42,10,unsatisfied
1981,60,2,1,225172,35,9,satisfied
1982,7,3,2,435835,23,13,unsatisfied
1983,40,2,2,138768,22,9,unsatisfied
1984,48,2,1,145409,51,10,satisfied
1985,50,3,2,153095,41,9,unsatisfied
1986,40,2,2,134566,27,9,unsatisfied
1987,50,2,1,289572,51,13,satisfied
1988,40,2,1,186157,47,9,unsatisfied
1989,40,2,2,250818,19,10,unsatisfied
1990,35,5,2,410919,37,9,unsatisfied
1991,40,2,2,155759,52,10,unsatisfied
1992,55,2,1,218637,68,10,unsatisfied
1993,40,5,1,310774,54,13,unsatisfied
1994,50,5,1,193716,25,10,satisfied
1995,40,2,1,176992,33,10,unsatisfied
1996,12,2,2,143062,22,10,unsatisfied
1997,40,2,2,187560,30,13,unsatisfied
1998,45,2,1,112564,34,9,unsatisfied
1999,60,3,1,59083,32,9,unsatisfied
